X,Y,Date,ConfirmedCovidCases,TotalConfirmedCovidCases,ConfirmedCovidDeaths,TotalCovidDeaths,StatisticsProfileDate,CovidCasesConfirmed,HospitalisedCovidCases,RequiringICUCovidCases,HealthcareWorkersCovidCases,ClustersNotified,HospitalisedAged5,HospitalisedAged5to14,HospitalisedAged15to24,HospitalisedAged25to34,HospitalisedAged35to44,HospitalisedAged45to54,HospitalisedAged55to64,Male,Female,Unknown,Aged1to4,Aged5to14,Aged15to24,Aged25to34,Aged35to44,Aged45to54,Aged55to64,Median_Age,CommunityTransmission,CloseContact,TravelAbroad,FID,HospitalisedAged65to74,HospitalisedAged75to84,HospitalisedAged85up,Aged65to74,Aged75to84,Aged85up
-7.692596,53.288234,2020/02/29 00:00:00+00,1,1,0,0,2020/02/27 00:00:00+00,,,,,,,,,,,,,,,,,,,,,,,,0,0,0,1,,,,,,
-7.692596,53.288234,2020/03/03 00:00:00+00,1,2,0,0,2020/03/01 00:00:00+00,,,,,,,,,,,,,,,,,,,,,,,,0,0,0,2,,,,,,
-7.692596,53.288234,2020/03/04 00:00:00+00,4,6,0,0,2020/03/02 00:00:00+00,1,0,0,0,,0,0,0,0,0,0,0,1,0,0,0,1,0,0,0,0,0,13,0,0,0,3,0,0,0,0,0,0
-7.692596,53.288234,2020/03/05 00:00:00+00,7,13,0,0,2020/03/03 00:00:00+00,2,1,0,1,,0,0,0,0,0,1,0,1,1,0,0,1,0,0,0,1,0,49,0,0,0,4,0,0,0,0,0,0
-7.692596,53.288234,2020/03/06 00:00:00+00,5,18,0,0,2020/03/04 00:00:00+00,5,4,0,2,,0,1,0,0,2,1,0,3,2,0,0,2,0,0,2,1,0,41,0,0,0,5,0,0,0,0,0,0
-7.692596,53.288234,2020/03/07 00:00:00+00,1,19,0,0,2020/03/05 00:00:00+00,8,7,1,2,,0,2,0,0,4,1,0,4,4,0,0,3,0,0,4,1,0,38,0,0,0,6,0,0,0,0,0,0
-7.692596,53.288234,2020/03/08 00:00:00+00,2,21,0,0,2020/03/06 00:00:00+00,13,9,1,2,,0,2,0,0,5,2,0,8,5,0,0,3,0,0,6,3,1,49,0,0,0,7,0,0,0,0,0,0
-7.692596,53.288234,2020/03/09 00:00:00+00,3,24,0,0,2020/03/07 00:00:00+00,16,11,1,3,,0,2,0,0,6,2,1,9,7,0,0,3,0,1,7,3,2,38,0,0,0,8,0,0,0,0,0,0
-7.692596,53.288234,2020/03/10 00:00:00+00,10,34,0,0,2020/03/08 00:00:00+00,18,13,2,3,,0,2,0,0,6,2,1,11,7,0,0,3,0,1,7,3,2,70,0,0,0,9,2,0,0,2,0,0
-7.692596,53.288234,2020/03/11 00:00:00+00,9,43,1,1,2020/03/09 00:00:00+00,25,18,2,5,,0,2,0,0,7,4,3,13,12,0,0,3,0,1,8,5,5,61,0,0,0,10,2,0,0,3,0,0
-7.692596,53.288234,2020/03/12 00:00:00+00,27,70,0,1,2020/03/10 00:00:00+00,37,28,3,8,,0,2,0,3,7,6,6,20,17,0,0,3,1,4,9,7,8,46,0,0,0,11,3,1,0,4,1,0
-7.692596,53.288234,2020/03/13 00:00:00+00,20,90,0,1,2020/03/11 00:00:00+00,49,37,5,10,,0,2,0,5,7,7,9,29,20,0,0,3,1,6,9,9,12,61,0,0,0,12,5,2,0,6,2,1
-7.692596,53.288234,2020/03/14 00:00:00+00,39,129,1,2,2020/03/12 00:00:00+00,78,48,8,14,,0,2,2,7,10,7,11,45,33,0,0,3,11,11,14,13,15,31,0,0,0,13,7,2,0,8,2,1
-7.692596,53.288234,2020/03/15 00:00:00+00,40,169,0,2,2020/03/13 00:00:00+00,110,56,8,24,,0,2,3,8,11,8,14,65,45,0,0,4,13,14,20,21,24,49,0,0,0,14,7,3,0,8,4,2
-7.692596,53.288234,2020/03/16 00:00:00+00,54,223,0,2,2020/03/14 00:00:00+00,143,63,12,26,,0,2,3,8,11,9,15,89,54,0,0,4,16,17,27,27,30,48,0,0,0,15,10,4,1,14,5,3
-7.692596,53.288234,2020/03/17 00:00:00+00,69,292,0,2,2020/03/15 00:00:00+00,170,68,12,34,,0,2,4,9,11,10,15,105,65,0,0,4,19,23,36,29,34,40,0,0,0,16,11,5,1,16,6,3
-7.692596,53.288234,2020/03/18 00:00:00+00,74,366,0,2,2020/03/16 00:00:00+00,268,93,16,68,,0,2,7,14,15,12,19,160,108,0,1,4,27,47,62,39,46,41,0,0,0,17,13,9,2,21,14,7
-7.692596,53.288234,2020/03/19 00:00:00+00,191,557,1,3,2020/03/17 00:00:00+00,347,120,18,99,,1,2,9,18,18,14,23,195,152,0,2,8,37,63,79,48,53,42,0,0,0,18,16,16,3,26,23,8
-7.692596,53.288234,2020/03/20 00:00:00+00,126,683,0,3,2020/03/18 00:00:00+00,431,150,22,124,,1,2,10,22,20,20,28,245,186,0,2,8,45,77,96,61,67,45,0,0,0,19,21,19,7,32,29,14
-7.692596,53.288234,2020/03/21 00:00:00+00,102,785,0,3,2020/03/19 00:00:00+00,573,182,28,162,,2,2,10,27,22,27,31,320,253,0,4,9,54,108,120,94,82,46,0,0,0,20,23,26,12,39,38,25
-7.692596,53.288234,2020/03/22 00:00:00+00,121,906,1,4,2020/03/20 00:00:00+00,699,219,35,182,,2,3,13,30,26,39,37,392,307,0,5,11,60,127,147,130,98,46,0,0,0,21,24,30,15,44,48,29
-7.692596,53.288234,2020/03/23 00:00:00+00,219,1125,2,6,2020/03/21 00:00:00+00,823,243,41,231,,2,3,14,34,29,41,40,457,366,0,5,15,66,164,164,157,114,42,0,0,0,22,29,33,18,53,52,33
-7.692596,53.288234,2020/03/24 00:00:00+00,204,1329,1,7,2020/03/22 00:00:00+00,951,281,50,260,44,2,3,15,38,30,51,45,526,425,0,5,16,74,188,183,189,132,50,0,0,0,23,36,40,21,63,64,37
-7.692596,53.288234,2020/03/25 00:00:00+00,235,1564,2,9,2020/03/23 00:00:00+00,1149,316,59,304,63,2,3,16,40,31,57,53,634,515,0,5,19,91,227,213,227,161,46,0,0,0,24,43,46,25,83,78,45
-7.692596,53.288234,2020/03/26 00:00:00+00,255,1819,10,19,2020/03/24 00:00:00+00,1369,362,68,341,66,2,3,16,41,33,66,62,747,622,0,8,21,108,264,246,279,193,48,0,0,0,25,55,55,29,108,90,52
-7.692596,53.288234,2020/03/27 00:00:00+00,302,2121,3,22,2020/03/25 00:00:00+00,1617,434,77,402,79,3,4,17,46,44,71,73,867,750,0,10,24,120,309,303,316,230,47,0,0,0,26,68,69,39,131,108,64
-7.692596,53.288234,2020/03/28 00:00:00+00,294,2415,14,36,2020/03/26 00:00:00+00,1879,524,94,490,91,3,4,19,50,50,88,83,1002,877,0,14,24,133,357,351,364,266,48,0,0,0,27,88,91,48,158,134,76
-7.692596,53.288234,2020/03/29 00:00:00+00,200,2625,10,46,2020/03/27 00:00:00+00,2188,615,112,612,103,4,5,20,59,58,106,97,1136,1052,0,15,27,152,406,414,428,309,47,0,0,0,28,107,107,52,191,160,84
-7.692596,53.288234,2020/03/30 00:00:00+00,295,2910,8,54,2020/03/28 00:00:00+00,2446,703,125,679,111,4,5,22,66,68,115,112,1240,1206,0,15,27,168,446,463,463,356,50,0,0,0,29,114,133,63,209,197,99
-7.692596,53.288234,2020/03/31 00:00:00+00,325,3235,17,71,2020/03/29 00:00:00+00,2640,759,136,757,118,5,5,22,67,70,126,122,1318,1322,0,17,28,175,474,495,499,394,50,0,0,0,30,124,144,73,228,211,116
-7.692596,53.288234,2020/04/01 00:00:00+00,212,3447,14,85,2020/03/30 00:00:00+00,2943,859,149,848,134,6,5,25,71,77,140,136,1450,1493,0,19,28,190,513,541,553,436,54,0,0,0,31,143,173,82,260,260,140
-7.692596,53.288234,2020/04/02 00:00:00+00,402,3849,13,99,2020/03/31 00:00:00+00,3233,940,164,961,160,6,5,27,76,86,152,148,1568,1665,0,19,29,211,558,607,603,475,47,0,0,0,32,156,193,90,281,290,156
-7.692596,53.288234,2020/04/03 00:00:00+00,424,4273,22,120,2020/04/01 00:00:00+00,3599,1059,182,1113,171,6,5,30,81,101,165,166,1745,1854,0,20,29,229,612,675,685,530,49,0,0,0,33,182,219,103,317,322,176
-7.692596,53.288234,2020/04/04 00:00:00+00,331,4604,17,137,2020/04/02 00:00:00+00,3959,1150,197,1263,206,6,5,31,83,106,182,180,1896,2063,0,21,32,249,670,742,759,577,49,0,0,0,34,199,243,114,347,358,200
-7.692596,53.288234,2020/04/05 00:00:00+00,390,4994,21,158,2020/04/03 00:00:00+00,4386,1253,211,1420,236,7,5,31,89,112,191,197,2065,2321,0,24,34,264,739,799,823,640,55,0,0,0,35,219,264,137,396,406,257
-7.692596,53.288234,2020/04/06 00:00:00+00,748,5859,16,174,2020/04/04 00:00:00+00,4849,1348,217,1628,260,7,5,31,96,119,202,208,2226,2623,0,24,35,281,808,892,901,688,51,0,0,0,36,239,292,148,438,468,308
-7.692596,53.288234,2020/04/07 00:00:00+00,365,6224,36,210,2020/04/05 00:00:00+00,5526,1423,226,1787,270,7,5,31,100,126,212,221,2581,2945,0,30,38,341,935,1037,1041,786,44,0,0,0,37,252,312,156,481,506,325
-7.692596,53.288234,2020/04/08 00:00:00+00,464,6688,25,235,2020/04/06 00:00:00+00,5911,1518,239,1900,299,7,5,31,103,133,230,234,2752,3159,0,30,41,358,997,1104,1110,837,52,0,0,0,38,272,327,175,520,546,362
-7.692596,53.288234,2020/04/09 00:00:00+00,705,7393,28,263,2020/04/07 00:00:00+00,6375,1571,247,2122,317,9,5,32,105,135,239,242,2930,3445,0,33,43,378,1089,1167,1212,913,49,0,0,0,39,279,340,184,546,589,399
-7.692596,53.288234,2020/04/10 00:00:00+00,696,8089,25,287,2020/04/08 00:00:00+00,6988,1683,267,2373,339,11,5,33,112,143,255,264,3191,3797,0,36,45,416,1204,1294,1329,1002,46,0,0,0,40,296,360,203,587,629,440
-7.692596,53.288234,2020/04/11 00:00:00+00,553,8928,33,320,2020/04/09 00:00:00+00,7686,1772,279,2635,356,12,5,35,115,148,261,279,3464,4222,0,39,52,464,1322,1405,1466,1124,49,0,0,0,41,318,383,215,648,678,482
-7.692596,53.288234,2020/04/12 00:00:00+00,430,9655,14,334,2020/04/10 00:00:00+00,8391,1833,290,2910,382,12,5,38,119,150,272,289,3763,4628,0,44,56,518,1461,1545,1594,1237,45,0,0,0,42,324,397,226,684,721,525
-7.692596,53.288234,2020/04/13 00:00:00+00,527,10647,31,365,2020/04/11 00:00:00+00,9360,1907,299,3245,401,13,5,38,121,156,282,298,4208,5152,0,47,67,585,1628,1737,1793,1396,46,0,0,0,43,344,413,236,762,771,567
-7.692596,53.288234,2020/04/14 00:00:00+00,548,11478,41,406,2020/04/12 00:00:00+00,10253,1964,307,3481,408,13,5,39,125,162,289,305,4596,5657,0,54,80,664,1786,1905,1962,1508,46,0,0,0,44,347,428,250,811,843,633
-7.692596,53.288234,2020/04/15 00:00:00+00,657,12547,38,444,2020/04/13 00:00:00+00,11119,2022,311,3672,413,14,5,39,127,170,299,308,4993,6126,0,59,94,727,1927,2059,2133,1621,48,0,0,0,45,359,444,256,874,911,707
-7.692596,53.288234,2020/04/16 00:00:00+00,629,13271,43,486,2020/04/14 00:00:00+00,12249,2084,316,3928,425,14,5,40,129,173,304,318,5493,6756,0,70,122,798,2119,2285,2363,1782,46,0,0,0,46,373,457,270,946,971,786
-7.692596,53.288234,2020/04/17 00:00:00+00,597,13980,44,530,2020/04/15 00:00:00+00,12829,2141,324,4138,436,14,6,42,132,180,309,326,5732,7097,0,70,134,835,2202,2384,2468,1875,50,0,0,0,47,383,470,278,986,1022,845
-7.692596,53.288234,2020/04/18 00:00:00+00,630,14758,41,571,2020/04/16 00:00:00+00,13550,2234,332,4412,454,14,7,44,136,185,323,340,6005,7545,0,75,140,882,2300,2490,2625,1982,51,0,0,0,48,408,489,287,1045,1089,914
-7.692596,53.288234,2020/04/19 00:00:00+00,445,15251,39,610,2020/04/17 00:00:00+00,14403,2302,338,4683,472,14,8,47,140,189,332,352,6355,8048,0,77,152,943,2440,2628,2790,2092,49,0,0,0,49,424,498,297,1109,1166,997
-7.692596,53.288234,2020/04/20 00:00:00+00,401,15652,77,687,2020/04/18 00:00:00+00,14958,2339,339,4872,478,14,8,48,144,192,335,356,6549,8409,0,81,159,989,2526,2710,2909,2152,49,0,0,0,50,430,509,302,1145,1211,1067
-7.692596,53.288234,2020/04/21 00:00:00+00,388,16040,44,730,2020/04/19 00:00:00+00,15224,2371,340,4944,491,14,8,48,145,197,339,356,6644,8580,0,81,159,999,2550,2746,2937,2173,77,0,0,0,51,438,517,308,1165,1268,1137
-7.692596,53.288234,2020/04/22 00:00:00+00,629,16671,49,769,2020/04/20 00:00:00+00,15619,2413,346,5054,507,14,8,49,147,199,340,365,6804,8815,0,85,166,1029,2603,2805,2999,2217,53,0,0,0,52,445,530,315,1196,1309,1201
-7.692596,53.288234,2020/04/23 00:00:00+00,936,17607,28,794,2020/04/21 00:00:00+00,16129,2454,354,5238,522,14,8,49,148,204,344,373,6978,9151,0,86,170,1058,2667,2881,3078,2271,55,0,0,0,53,453,539,321,1232,1377,1300
-7.692596,53.288234,2020/04/24 00:00:00+00,577,18184,37,829,2020/04/22 00:00:00+00,17075,2509,362,5566,548,14,8,51,153,211,353,377,7316,9759,0,89,173,1117,2788,2990,3229,2365,59,0,0,0,54,460,558,323,1303,1521,1491
-7.692596,53.288234,2020/04/25 00:00:00+00,377,18561,42,868,2020/04/23 00:00:00+00,17612,2556,367,5748,567,14,8,51,153,214,358,384,7507,10105,0,90,177,1149,2854,3066,3299,2415,58,0,0,0,55,469,572,332,1345,1617,1591
-7.692596,53.288234,2020/04/26 00:00:00+00,701,19262,26,1087,2020/04/24 00:00:00+00,18061,2598,376,5929,601,14,8,51,153,217,361,394,7644,10417,0,90,180,1180,2927,3128,3354,2466,55,0,0,0,56,471,584,344,1370,1672,1685
-7.692596,53.288234,2020/04/27 00:00:00+00,386,19648,18,1102,2020/04/25 00:00:00+00,18725,2644,379,6126,604,14,8,52,157,220,369,398,7907,10818,0,94,187,1225,3018,3232,3476,2517,51,0,0,0,57,479,591,355,1424,1762,1781
-7.692596,53.288234,2020/04/28 00:00:00+00,229,19877,45,1159,2020/04/26 00:00:00+00,19124,2685,381,6253,608,14,8,53,157,222,370,406,8051,11073,0,95,192,1258,3066,3285,3525,2553,57,0,0,0,58,482,600,372,1447,1821,1873
-7.692596,53.288234,2020/04/29 00:00:00+00,376,20253,31,1190,2020/04/27 00:00:00+00,19491,2723,383,6383,620,15,8,53,164,226,371,410,8206,11285,0,97,196,1291,3123,3348,3589,2589,49,0,0,0,59,484,613,378,1460,1866,1923
-7.692596,53.288234,2020/04/30 00:00:00+00,359,20612,43,1232,2020/04/28 00:00:00+00,19857,2754,386,6524,630,15,8,53,165,228,376,411,8336,11521,0,98,200,1319,3174,3409,3653,2633,50,0,0,0,60,497,616,384,1490,1901,1971
-7.692596,53.288234,2020/05/01 00:00:00+00,221,20833,34,1265,2020/04/29 00:00:00+00,20253,2806,389,6638,646,16,9,55,169,229,380,416,8521,11732,0,100,205,1357,3246,3463,3708,2673,50,0,0,0,61,507,629,395,1521,1948,2022
-7.692596,53.288234,2020/05/02 00:00:00+00,343,21176,25,1286,2020/04/30 00:00:00+00,20524,2827,390,6730,676,16,9,55,170,229,383,419,8627,11897,0,100,206,1378,3292,3507,3759,2705,51,0,0,0,62,514,632,399,1540,1973,2054
-7.692596,53.288234,2020/05/03 00:00:00+00,330,21506,19,1303,2020/05/01 00:00:00+00,20875,2870,392,6844,694,18,12,56,170,231,391,425,8781,12094,0,107,215,1415,3352,3566,3819,2743,45,0,0,0,63,516,642,408,1558,2005,2085
-7.692596,53.288234,2020/05/04 00:00:00+00,266,21772,16,1319,2020/05/02 00:00:00+00,21258,2890,392,6951,703,18,13,56,172,234,394,427,8993,12264,1,109,223,1458,3443,3644,3880,2790,40,0,0,0,64,518,647,410,1574,2021,2106
-7.692596,53.288234,2020/05/05 00:00:00+00,211,21983,23,1339,2020/05/03 00:00:00+00,21463,2913,395,7008,706,18,14,58,174,238,397,429,9095,12367,1,110,230,1473,3479,3690,3914,2818,44,0,0,0,65,518,652,414,1585,2035,2118
-7.692596,53.288234,2020/05/06 00:00:00+00,265,22248,37,1375,2020/05/04 00:00:00+00,21712,2927,397,7071,710,18,14,59,174,238,400,430,9226,12485,1,113,236,1493,3537,3742,3958,2841,41,0,0,0,66,521,657,415,1598,2054,2129
-7.692596,53.288234,2020/05/07 00:00:00+00,137,22385,29,1403,2020/05/05 00:00:00+00,21993,2947,401,7152,733,18,15,63,174,240,400,433,9371,12621,1,116,240,1529,3598,3807,4000,2872,39,0,0,0,67,524,660,419,1608,2067,2145
-7.692596,53.288234,2020/05/08 00:00:00+00,156,22541,27,1429,2020/05/06 00:00:00+00,22130,2969,404,7212,737,18,17,63,174,240,401,437,9427,12701,2,116,242,1541,3616,3829,4035,2891,49,0,0,0,68,529,666,423,1617,2077,2154
-7.692596,53.288234,2020/05/09 00:00:00+00,219,22760,18,1446,2020/05/07 00:00:00+00,22316,2985,404,7272,746,18,17,63,175,240,402,439,9505,12809,2,116,244,1562,3653,3866,4056,2913,44,0,0,0,69,534,671,425,1633,2093,2168
-7.692596,53.288234,2020/05/10 00:00:00+00,236,22996,12,1458,2020/05/08 00:00:00+00,22474,3008,406,7338,750,18,17,63,177,242,406,440,9570,12902,2,118,250,1576,3684,3892,4078,2931,45,0,0,0,70,539,676,429,1646,2110,2177
-7.692596,53.288234,2020/05/11 00:00:00+00,139,23135,15,1467,2020/05/09 00:00:00+00,22735,3025,407,7454,755,19,17,64,178,242,407,441,9662,13071,2,120,257,1597,3727,3943,4121,2968,46,0,0,0,71,541,682,433,1662,2129,2199
-7.692596,53.288234,2020/05/12 00:00:00+00,107,23242,24,1488,2020/05/10 00:00:00+00,22916,3036,408,7511,759,19,17,64,178,242,408,442,9734,13180,2,120,259,1616,3757,3971,4146,2993,50,0,0,0,72,543,686,436,1673,2144,2225
-7.692596,53.288234,2020/05/13 00:00:00+00,159,23401,10,1497,2020/05/11 00:00:00+00,23001,3050,408,7535,766,19,17,64,181,243,410,442,9770,13229,2,121,262,1625,3775,3987,4162,2998,41,0,0,0,73,546,690,437,1681,2149,2229
-7.692596,53.288234,2020/05/14 00:00:00+00,426,23827,10,1506,2020/05/12 00:00:00+00,23125,3059,411,7578,766,19,17,64,182,244,410,447,9831,13292,2,124,265,1635,3803,4008,4178,3014,43,0,0,0,74,546,692,437,1688,2160,2238
-7.692596,53.288234,2020/05/15 00:00:00+00,129,23956,16,1518,2020/05/13 00:00:00+00,23488,3076,414,7816,781,19,17,64,184,246,412,451,9989,13496,3,127,265,1681,3912,4087,4248,3052,38,0,0,0,75,547,694,441,1695,2167,2242
-7.692596,53.288234,2020/05/16 00:00:00+00,92,24048,15,1533,2020/05/14 00:00:00+00,23721,3098,415,7882,784,19,17,64,186,250,415,457,10112,13606,3,127,266,1699,3970,4160,4287,3080,40,0,0,0,76,550,697,442,1702,2172,2246
-7.692596,53.288234,2020/05/17 00:00:00+00,64,24112,10,1543,2020/05/15 00:00:00+00,23826,3105,416,7908,800,19,17,64,186,252,416,457,10171,13652,3,129,269,1709,3993,4187,4304,3084,39,0,0,0,77,551,698,444,1709,2180,2250
-7.692596,53.288234,2020/05/18 00:00:00+00,88,24200,4,1547,2020/05/16 00:00:00+00,23910,3112,417,7939,805,19,17,64,186,252,416,461,10203,13704,3,131,269,1716,4021,4203,4314,3088,37,0,0,0,78,553,698,445,1714,2184,2258
-7.692596,53.288234,2020/05/19 00:00:00+00,51,24251,16,1561,2020/05/17 00:00:00+00,24040,3120,418,7976,806,19,17,65,187,252,417,461,10264,13773,3,133,274,1739,4045,4232,4331,3103,39,0,0,0,79,555,699,447,1718,2191,2262
-7.692596,53.288234,2020/05/20 00:00:00+00,64,24315,11,1571,2020/05/18 00:00:00+00,24082,3133,421,7990,810,19,17,65,188,253,420,462,10279,13800,3,134,276,1744,4049,4242,4339,3107,44,0,0,0,80,558,700,450,1721,2192,2266
-7.692596,53.288234,2020/05/21 00:00:00+00,76,24391,12,1583,2020/05/19 00:00:00+00,24157,3145,421,8014,814,19,17,65,188,254,422,465,10311,13843,3,136,277,1755,4063,4256,4350,3113,41,0,0,0,81,559,702,453,1725,2198,2272
-7.692596,53.288234,2020/05/22 00:00:00+00,115,24506,11,1592,2020/05/20 00:00:00+00,24232,3164,425,8037,823,19,17,65,189,254,423,470,10348,13881,3,136,280,1758,4073,4272,4358,3125,55,0,0,0,82,565,707,454,1738,2206,2274
-7.692596,53.288234,2020/05/23 00:00:00+00,76,24582,13,1604,2020/05/21 00:00:00+00,24327,3179,428,8054,829,19,17,66,189,255,424,471,10387,13937,3,140,287,1764,4090,4288,4379,3129,43,0,0,0,83,568,710,459,1745,2210,2283
-7.692596,53.288234,2020/05/24 00:00:00+00,57,24639,4,1608,2020/05/22 00:00:00+00,24442,3189,429,8078,844,19,17,66,191,256,426,473,10436,14003,3,144,290,1786,4114,4309,4393,3141,37,0,0,0,84,569,712,459,1748,2215,2290
-7.692596,53.288234,2020/05/25 00:00:00+00,59,24698,0,1606,2020/05/23 00:00:00+00,24481,3195,429,8088,846,19,17,67,192,257,426,473,10457,14021,3,145,291,1792,4119,4320,4398,3144,42,0,0,0,85,569,715,459,1749,2219,2292
-7.692596,53.288234,2020/05/26 00:00:00+00,37,24735,9,1615,2020/05/24 00:00:00+00,24521,3199,429,8096,846,19,17,67,192,257,427,473,10482,14036,3,146,293,1797,4122,4323,4409,3149,50,0,0,0,86,570,717,459,1753,2221,2296
-7.692596,53.288234,2020/05/27 00:00:00+00,73,24803,17,1631,2020/05/25 00:00:00+00,24626,3211,432,8128,846,19,17,67,193,257,429,475,10524,14099,3,147,296,1805,4145,4336,4427,3167,48,0,0,0,87,571,722,460,1758,2235,2298
-7.692596,53.288234,2020/05/28 00:00:00+00,46,24841,9,1639,2020/05/26 00:00:00+00,24694,3219,433,8156,850,19,17,67,194,257,430,476,10548,14143,3,149,303,1813,4152,4351,4436,3174,42,0,0,0,88,571,724,463,1759,2240,2305
-7.692596,53.288234,2020/05/29 00:00:00+00,39,24876,6,1645,2020/05/27 00:00:00+00,24734,3222,433,8169,856,19,17,67,194,258,431,476,10563,14168,3,150,304,1816,4159,4358,4444,3178,50,0,0,0,89,571,725,463,1764,2241,2308
-7.692596,53.288234,2020/05/30 00:00:00+00,59,24929,9,1650,2020/05/28 00:00:00+00,24771,3227,433,8173,861,19,17,67,194,260,431,477,10577,14191,3,152,306,1816,4161,4364,4452,3183,53,0,0,0,90,572,726,463,1765,2247,2313
-7.692596,53.288234,2020/05/31 00:00:00+00,66,24990,2,1651,2020/05/29 00:00:00+00,24826,3237,433,8190,866,19,17,67,194,261,432,478,10600,14223,3,152,307,1818,4170,4376,4460,3186,49,0,0,0,91,576,727,465,1771,2251,2323
-7.692596,53.288234,2020/06/01 00:00:00+00,77,25062,1,1650,2020/05/30 00:00:00+00,24892,3239,433,8194,866,19,17,67,194,261,433,478,10642,14247,3,153,308,1825,4182,4391,4473,3193,43,0,0,0,92,577,727,465,1775,2254,2326
-7.692596,53.288234,2020/06/02 00:00:00+00,10,25066,8,1658,2020/05/31 00:00:00+00,24967,3243,433,8219,867,19,17,68,194,261,434,479,10671,14293,3,155,316,1837,4192,4399,4487,3202,38,0,0,0,93,578,727,465,1780,2254,2333
-7.692596,53.288234,2020/06/03 00:00:00+00,47,25111,3,1659,2020/06/01 00:00:00+00,24977,3247,433,8220,872,19,17,68,194,261,434,479,10677,14297,3,155,316,1838,4194,4399,4488,3202,65,0,0,0,94,580,728,466,1783,2256,2334
-7.692596,53.288234,2020/06/04 00:00:00+00,38,25142,5,1664,2020/06/02 00:00:00+00,25017,3258,433,8229,876,19,17,68,194,263,435,481,10693,14321,3,155,318,1839,4196,4408,4496,3210,50,0,0,0,95,582,731,467,1786,2262,2335
-7.692596,53.288234,2020/06/05 00:00:00+00,28,25163,7,1670,2020/06/03 00:00:00+00,25053,3259,433,8238,880,19,17,68,194,263,435,481,10713,14337,3,157,318,1844,4201,4415,4507,3215,41,0,0,0,96,582,732,467,1786,2263,2335
-7.692596,53.288234,2020/06/06 00:00:00+00,24,25183,9,1678,2020/06/04 00:00:00+00,25079,3263,433,8244,885,19,17,68,194,263,435,482,10724,14352,3,160,320,1848,4205,4417,4510,3216,35,0,0,0,97,583,733,468,1789,2264,2338
-7.692596,53.288234,2020/06/07 00:00:00+00,25,25201,1,1679,2020/06/05 00:00:00+00,25101,3266,433,8255,888,19,17,68,194,263,435,483,10732,14366,3,160,320,1852,4210,4421,4514,3217,44,0,0,0,98,583,735,468,1789,2267,2339
-7.692596,53.288234,2020/06/08 00:00:00+00,9,25207,4,1683,2020/06/06 00:00:00+00,25124,3268,433,8266,891,19,17,68,194,263,436,483,10742,14379,3,160,320,1858,4213,4425,4519,3219,42,0,0,0,99,584,735,468,1790,2268,2340
-7.692596,53.288234,2020/06/09 00:00:00+00,9,25215,9,1691,2020/06/07 00:00:00+00,25133,3269,433,8270,892,19,17,68,194,264,436,483,10748,14382,3,160,320,1858,4215,4428,4522,3219,43,0,0,0,100,584,735,468,1791,2268,2340
-7.692596,53.288234,2020/06/10 00:00:00+00,19,25231,5,1695,2020/06/08 00:00:00+00,25142,3271,433,8271,887,19,17,68,194,264,436,484,10755,14384,3,160,320,1860,4215,4429,4524,3222,51,0,0,0,101,584,735,469,1791,2268,2341
-7.692596,53.288234,2020/06/11 00:00:00+00,8,25238,8,1703,2020/06/09 00:00:00+00,25160,3273,433,8275,901,19,17,68,195,265,436,484,10762,14395,3,161,320,1865,4218,4432,4526,3222,42,0,0,0,102,584,735,469,1791,2269,2344
-7.692596,53.288234,2020/06/12 00:00:00+00,13,25250,3,1705,2020/06/10 00:00:00+00,25168,3274,433,8276,917,19,17,68,195,265,436,484,10765,14400,3,162,320,1866,4220,4433,4527,3222,44,0,0,0,103,585,735,469,1792,2269,2345
-7.692596,53.288234,2020/06/13 00:00:00+00,46,25295,5,1705,2020/06/11 00:00:00+00,25181,3275,433,8278,941,19,17,68,195,265,436,484,10768,14410,3,164,320,1867,4222,4433,4528,3222,68,0,0,0,104,586,735,469,1795,2270,2348
-7.692596,53.288234,2020/06/14 00:00:00+00,8,25303,1,1706,2020/06/12 00:00:00+00,25226,3278,433,8287,970,19,17,68,196,265,436,485,10788,14435,3,166,323,1871,4230,4442,4536,3226,43,0,0,0,105,586,735,470,1796,2274,2350
-7.692596,53.288234,2020/06/15 00:00:00+00,18,25321,0,1706,2020/06/13 00:00:00+00,25234,3279,433,8289,976,19,17,68,196,265,436,485,10792,14439,3,166,323,1873,4232,4442,4537,3226,43,0,0,0,106,586,736,470,1796,2277,2350
-7.692596,53.288234,2020/06/16 00:00:00+00,14,25334,3,1709,2020/06/14 00:00:00+00,25252,3280,433,8296,976,20,17,68,196,265,436,485,10799,14450,3,168,324,1874,4233,4445,4541,3229,42,0,0,0,107,586,736,470,1797,2277,2352
-7.692596,53.288234,2020/06/17 00:00:00+00,8,25341,3,1710,2020/06/15 00:00:00+00,25266,3283,434,8300,981,20,17,68,196,266,437,485,10805,14458,3,169,325,1874,4234,4448,4545,3229,47,0,0,0,108,586,736,471,1797,2278,2355
-7.692596,53.288234,2020/06/18 00:00:00+00,16,25355,4,1714,2020/06/16 00:00:00+00,25274,3283,434,8302,1005,20,17,68,196,266,437,485,10808,14463,3,169,325,1875,4236,4449,4546,3230,35,0,0,0,109,586,736,471,1798,2279,2355
-7.692596,53.288234,2020/06/19 00:00:00+00,13,25368,2,1714,2020/06/17 00:00:00+00,25290,3284,434,8309,1031,20,17,68,197,266,437,485,10817,14470,3,169,326,1877,4240,4452,4549,3231,38,0,0,0,110,586,736,471,1798,2281,2355
-7.692596,53.288234,2020/06/20 00:00:00+00,22,25374,2,1715,2020/06/18 00:00:00+00,25303,3285,434,8311,1033,20,17,68,197,267,437,485,10824,14476,3,169,327,1878,4243,4454,4551,3231,43,0,0,0,111,586,736,471,1799,2281,2358
-7.692596,53.288234,2020/06/21 00:00:00+00,6,25379,0,1715,2020/06/19 00:00:00+00,25324,3285,434,8316,1036,20,17,68,197,267,437,485,10834,14487,3,169,327,1883,4247,4457,4554,3234,39,0,0,0,112,586,736,471,1801,2282,2358
-7.692596,53.288234,2020/06/22 00:00:00+00,4,25383,2,1717,2020/06/20 00:00:00+00,25329,3285,434,8316,1069,20,17,68,197,267,437,485,10835,14491,3,169,327,1883,4248,4459,4554,3234,40,0,0,0,113,586,736,471,1801,2282,2360
-7.692596,53.288234,2020/06/23 00:00:00+00,10,25391,3,1720,2020/06/21 00:00:00+00,25333,3286,434,8318,1100,20,17,68,197,267,438,485,10837,14493,3,169,327,1884,4249,4459,4556,3234,38,0,0,0,114,586,736,471,1801,2282,2360
-7.692596,53.288234,2020/06/24 00:00:00+00,5,25396,6,1726,2020/06/22 00:00:00+00,25343,3287,434,8320,1212,20,17,68,197,268,438,485,10841,14499,3,169,328,1884,4250,4462,4556,3238,48,0,0,0,115,586,736,471,1801,2282,2361
-7.692596,53.288234,2020/06/25 00:00:00+00,11,25405,1,1727,2020/06/23 00:00:00+00,25347,3290,434,8321,1321,20,17,68,197,268,438,486,10843,14501,3,169,328,1884,4250,4463,4556,3239,68,0,0,0,116,587,736,472,1802,2282,2362
-7.692596,53.288234,2020/06/26 00:00:00+00,11,25414,3,1730,2020/06/24 00:00:00+00,25356,3290,434,8322,1339,20,17,68,197,268,438,486,10846,14507,3,169,328,1885,4251,4464,4556,3241,57,0,0,0,117,587,736,472,1802,2284,2364
-7.692596,53.288234,2020/06/27 00:00:00+00,23,25437,6,1734,2020/06/25 00:00:00+00,25367,3290,434,8324,1339,20,17,68,197,268,438,486,10853,14511,3,169,328,1887,4254,4468,4557,3241,37,0,0,0,118,587,736,472,1803,2284,2364
-7.692596,53.288234,2020/06/28 00:00:00+00,3,25439,1,1735,2020/06/26 00:00:00+00,25387,3291,434,8334,1339,20,17,68,197,268,439,486,10863,14521,3,169,328,1889,4262,4472,4561,3241,34,0,0,0,119,587,736,472,1803,2285,2365
-7.692596,53.288234,2020/06/29 00:00:00+00,24,25462,0,1735,2020/06/27 00:00:00+00,25390,3292,434,8334,1429,20,17,69,197,268,439,486,10864,14523,3,170,328,1891,4262,4472,4561,3241,21,0,0,0,120,587,736,472,1803,2285,2365
-7.692596,53.288234,2020/06/30 00:00:00+00,11,25473,1,1736,2020/06/28 00:00:00+00,25414,3295,434,8339,1429,20,17,69,197,269,439,486,10871,14540,3,171,328,1894,4267,4475,4564,3243,43,0,0,0,121,588,737,472,1805,2289,2366
-7.692596,53.288234,2020/07/01 00:00:00+00,6,25477,3,1738,2020/06/29 00:00:00+00,25425,3296,434,8343,1687,20,17,69,197,269,439,486,10877,14545,3,171,329,1896,4271,4477,4565,3243,27,0,0,0,122,588,738,472,1805,2290,2366
-7.692596,53.288234,2020/07/02 00:00:00+00,15,25489,5,1738,2020/06/30 00:00:00+00,25431,3297,434,8346,1687,20,17,69,198,269,439,486,10877,14551,3,171,329,1896,4272,4478,4566,3244,51,0,0,0,123,588,738,472,1805,2290,2368
-7.692596,53.288234,2020/07/03 00:00:00+00,9,25498,2,1740,2020/07/01 00:00:00+00,25446,3298,435,8349,1772,20,17,69,198,269,439,486,10885,14558,3,171,329,1900,4277,4479,4569,3245,32,0,0,0,124,588,739,472,1805,2291,2368
-7.692596,53.288234,2020/07/04 00:00:00+00,11,25509,1,1741,2020/07/02 00:00:00+00,25455,3300,435,8350,1809,21,18,69,198,269,439,486,10892,14560,3,173,330,1900,4281,4480,4569,3246,26,0,0,0,125,588,739,472,1805,2291,2368
-7.692596,53.288234,2020/07/05 00:00:00+00,18,25527,0,1741,2020/07/03 00:00:00+00,25466,3300,435,8352,1823,21,18,69,198,269,439,486,10900,14563,3,174,330,1900,4283,4483,4573,3247,43,0,0,0,126,588,739,472,1805,2291,2368
-7.692596,53.288234,2020/07/06 00:00:00+00,4,25531,0,1741,2020/07/04 00:00:00+00,25483,3301,436,8359,1823,21,18,69,198,269,440,486,10909,14571,3,175,331,1901,4285,4488,4576,3249,41,0,0,0,127,588,739,472,1805,2293,2368
-7.692596,53.288234,2020/07/07 00:00:00+00,24,25538,1,1742,2020/07/05 00:00:00+00,25486,3301,436,8361,1827,21,18,69,198,269,440,486,10909,14574,3,175,331,1901,4286,4489,4576,3250,39,0,0,0,128,588,739,472,1805,2293,2368
-7.692596,53.288234,2020/07/08 00:00:00+00,11,25542,0,1738,2020/07/06 00:00:00+00,25510,3302,436,8374,1860,21,18,69,198,270,440,486,10918,14589,3,176,331,1904,4291,4497,4578,3253,38,0,0,0,129,588,739,472,1806,2294,2368
-7.692596,53.288234,2020/07/09 00:00:00+00,22,25565,6,1743,2020/07/07 00:00:00+00,25521,3303,436,8380,1884,22,18,69,198,270,440,486,10922,14596,3,177,331,1907,4293,4498,4580,3254,29,0,0,0,130,588,739,472,1806,2294,2369
-7.692596,53.288234,2020/07/10 00:00:00+00,25,25589,1,1744,2020/07/08 00:00:00+00,25544,3303,436,8383,1896,22,18,69,198,270,440,486,10932,14609,3,178,333,1921,4296,4500,4580,3254,23,0,0,0,131,588,739,472,1806,2295,2369
-7.692596,53.288234,2020/07/11 00:00:00+00,23,25611,2,1746,2020/07/09 00:00:00+00,25569,3304,436,8386,1920,22,18,69,198,271,440,486,10942,14624,3,178,337,1932,4298,4505,4582,3254,24,0,0,0,132,588,739,472,1807,2295,2369
-7.692596,53.288234,2020/07/12 00:00:00+00,17,25628,0,1746,2020/07/10 00:00:00+00,25592,3304,436,8389,1935,22,18,69,198,271,440,486,10951,14638,3,179,338,1938,4303,4510,4585,3254,31,0,0,0,133,588,739,472,1809,2295,2369
-7.692596,53.288234,2020/07/13 00:00:00+00,11,25638,0,1746,2020/07/11 00:00:00+00,25609,3304,436,8398,1935,22,18,69,198,271,440,486,10958,14648,3,179,338,1939,4314,4512,4586,3255,29,0,0,0,134,588,739,472,1810,2295,2369
-7.692596,53.288234,2020/07/14 00:00:00+00,32,25670,0,1746,2020/07/12 00:00:00+00,25620,3305,436,8403,1933,22,18,70,198,271,440,486,10962,14655,3,179,338,1941,4317,4512,4588,3257,47,0,0,0,135,588,739,472,1811,2296,2369
-7.692596,53.288234,2020/07/15 00:00:00+00,14,25683,2,1748,2020/07/13 00:00:00+00,25652,3309,437,8421,1976,22,18,70,198,271,440,488,10973,14676,3,179,338,1943,4324,4517,4596,3262,45,0,0,0,136,588,740,473,1812,2298,2371
-7.692596,53.288234,2020/07/16 00:00:00+00,21,25698,1,1749,2020/07/14 00:00:00+00,25665,3311,437,8427,2019,22,18,70,198,271,440,489,10980,14682,3,179,338,1945,4328,4518,4600,3263,38,0,0,0,137,589,740,473,1813,2298,2371
-7.692596,53.288234,2020/07/17 00:00:00+00,34,25730,3,1752,2020/07/15 00:00:00+00,25687,3312,437,8430,2101,22,18,70,198,271,441,489,10992,14692,3,180,338,1947,4337,4522,4602,3263,33,0,0,0,138,589,740,473,1816,2299,2371
-7.692596,53.288234,2020/07/18 00:00:00+00,21,25750,2,1753,2020/07/16 00:00:00+00,25720,3313,437,8434,2110,22,18,71,198,271,441,489,11010,14707,3,183,339,1954,4345,4527,4604,3264,32,0,0,0,139,589,740,473,1821,2299,2371
-7.692596,53.288234,2020/07/19 00:00:00+00,9,25760,0,1753,2020/07/17 00:00:00+00,25739,3313,437,8439,2146,22,18,71,198,271,441,489,11019,14717,3,183,339,1958,4350,4528,4607,3266,33,0,0,0,140,589,740,473,1824,2299,2372
-7.692596,53.288234,2020/07/20 00:00:00+00,6,25766,0,1753,2020/07/18 00:00:00+00,25748,3314,437,8442,2146,22,18,71,198,271,441,489,11023,14722,3,183,339,1959,4352,4532,4607,3267,36,0,0,0,141,589,741,473,1824,2300,2372
-7.692596,53.288234,2020/07/21 00:00:00+00,36,25802,0,1753,2020/07/19 00:00:00+00,25754,3314,437,8444,2146,22,18,71,198,271,441,489,11025,14726,3,183,340,1959,4352,4534,4609,3268,40,0,0,0,142,589,741,473,1824,2300,2372
-7.692596,53.288234,2020/07/22 00:00:00+00,17,25819,1,1754,2020/07/20 00:00:00+00,25788,3315,437,8451,2153,22,18,71,198,272,441,489,11051,14734,3,183,341,1964,4358,4538,4620,3273,46,0,0,0,143,589,741,473,1825,2301,2372
-7.692596,53.288234,2020/07/23 00:00:00+00,7,25826,9,1763,2020/07/21 00:00:00+00,25804,3316,437,8459,2226,22,18,72,198,272,441,489,11058,14743,3,184,341,1965,4361,4541,4623,3274,45,0,0,0,144,589,741,473,1826,2302,2374
-7.692596,53.288234,2020/07/24 00:00:00+00,20,25845,0,1763,2020/07/22 00:00:00+00,25811,3317,437,8461,2264,22,18,72,198,272,442,489,11061,14747,3,184,341,1966,4363,4542,4624,3274,48,0,0,0,145,589,741,473,1828,2302,2374
-7.692596,53.288234,2020/07/25 00:00:00+00,24,25869,1,1764,2020/07/23 00:00:00+00,25831,3318,437,8463,2274,22,18,72,198,272,442,490,11070,14758,3,185,343,1969,4370,4546,4624,3275,31,0,0,0,146,589,741,473,1830,2302,2374
-7.692596,53.288234,2020/07/26 00:00:00+00,12,25881,0,1764,2020/07/24 00:00:00+00,25854,3318,437,8470,2282,22,18,72,198,272,442,490,11081,14770,3,186,343,1972,4376,4554,4629,3275,36,0,0,0,147,589,741,473,1830,2302,2374
-7.692596,53.288234,2020/07/27 00:00:00+00,11,25892,0,1764,2020/07/25 00:00:00+00,25866,3320,437,8473,2282,23,18,73,198,272,442,490,11086,14777,3,188,343,1975,4382,4554,4629,3276,26,0,0,0,148,589,741,473,1830,2302,2374
-7.692596,53.288234,2020/07/28 00:00:00+00,40,25930,0,1764,2020/07/26 00:00:00+00,25876,3320,437,8475,2282,23,18,73,198,272,442,490,11093,14780,3,188,344,1976,4384,4556,4631,3277,37,0,0,0,149,589,741,473,1831,2302,2374
-7.692596,53.288234,2020/07/29 00:00:00+00,14,25942,0,1764,2020/07/27 00:00:00+00,25915,3322,438,8479,2291,23,18,73,198,272,442,492,11113,14799,3,189,347,1983,4395,4563,4636,3280,33,0,0,0,150,589,741,473,1832,2303,2374
-7.692596,53.288234,2020/07/30 00:00:00+00,85,26027,1,1763,2020/07/28 00:00:00+00,25929,3323,438,8481,2303,24,18,73,198,272,442,492,11116,14810,3,191,348,1984,4403,4563,4636,3281,29,0,0,0,151,589,741,473,1833,2303,2374
-7.692596,53.288234,2020/07/31 00:00:00+00,38,26065,0,1763,2020/07/29 00:00:00+00,26013,3324,438,8484,2307,24,18,73,198,273,442,492,11169,14841,3,198,356,2003,4418,4572,4652,3286,29,0,0,0,152,589,741,473,1835,2304,2376
-7.692596,53.288234,2020/08/01 00:00:00+00,45,26109,0,1763,2020/07/30 00:00:00+00,26053,3324,438,8485,2313,24,18,73,198,273,442,492,11192,14858,3,198,358,2013,4431,4578,4658,3287,31,0,0,0,153,589,741,473,1836,2304,2377
-7.692596,53.288234,2020/08/02 00:00:00+00,53,26162,0,1763,2020/07/31 00:00:00+00,26096,3326,438,8488,2318,24,18,73,199,273,443,492,11212,14881,3,200,363,2019,4440,4588,4665,3289,34,0,0,0,154,589,741,473,1837,2305,2377
-7.692596,53.288234,2020/08/03 00:00:00+00,46,26208,0,1763,2020/08/01 00:00:00+00,26149,3327,438,8493,2319,24,18,73,199,273,443,493,11239,14907,3,206,369,2028,4452,4597,4669,3291,30,0,0,0,155,589,741,473,1840,2307,2377
-7.692596,53.288234,2020/08/04 00:00:00+00,44,26253,0,1763,2020/08/02 00:00:00+00,26194,3329,438,8494,2321,24,18,73,200,273,443,493,11266,14925,3,208,373,2036,4471,4602,4673,3293,28,0,0,0,156,590,741,473,1841,2307,2377
-7.692596,53.288234,2020/08/05 00:00:00+00,48,26303,0,1763,2020/08/03 00:00:00+00,26238,3329,438,8495,2323,24,18,73,200,273,443,493,11300,14935,3,209,373,2043,4488,4611,4680,3296,32,0,0,0,157,590,741,473,1841,2307,2377
-7.692596,53.288234,2020/08/06 00:00:00+00,69,26372,5,1769,2020/08/04 00:00:00+00,26285,3330,438,8497,2326,24,18,73,200,273,444,493,11329,14953,3,214,378,2054,4498,4618,4685,3298,29,0,0,0,158,590,741,473,1841,2308,2378
-7.692596,53.288234,2020/08/07 00:00:00+00,98,26470,4,1772,2020/08/05 00:00:00+00,26355,3332,439,8498,2331,24,18,73,200,273,444,493,11362,14990,3,216,382,2061,4518,4631,4702,3302,36,0,0,0,159,591,742,473,1843,2309,2378
-7.692596,53.288234,2020/08/08 00:00:00+00,174,26644,1,1772,2020/08/06 00:00:00+00,26452,3335,440,8501,2331,24,18,73,200,274,445,493,11420,15029,3,218,384,2075,4541,4656,4722,3310,38,0,0,0,160,591,743,473,1845,2310,2378
-7.692596,53.288234,2020/08/09 00:00:00+00,68,26712,0,1772,2020/08/07 00:00:00+00,26622,3338,441,8507,2332,24,18,73,203,274,445,493,11542,15077,3,222,390,2099,4589,4694,4746,3327,35,0,0,0,161,591,743,473,1853,2311,2378
-7.692596,53.288234,2020/08/10 00:00:00+00,57,26768,0,1772,2020/08/08 00:00:00+00,26689,3338,441,8509,2336,24,18,73,203,274,445,493,11578,15108,3,226,396,2110,4607,4710,4751,3332,30,0,0,0,162,591,743,473,1855,2311,2378
-7.692596,53.288234,2020/08/11 00:00:00+00,34,26801,1,1773,2020/08/09 00:00:00+00,26746,3339,441,8512,2334,24,18,73,203,274,445,493,11607,15136,3,228,400,2125,4619,4718,4760,3338,30,0,0,0,163,592,743,473,1856,2311,2378
-7.692596,53.288234,2020/08/12 00:00:00+00,40,26838,1,1774,2020/08/10 00:00:00+00,26779,3340,441,8515,2391,24,18,73,203,274,445,493,11622,15154,3,230,404,2136,4619,4724,4765,3339,24,0,0,0,164,592,744,473,1859,2312,2378
-7.692596,53.288234,2020/08/13 00:00:00+00,92,26929,0,1774,2020/08/11 00:00:00+00,26819,3342,441,8520,2465,24,18,74,204,274,445,493,11643,15173,3,231,409,2144,4626,4733,4773,3339,32,0,0,0,165,592,744,473,1861,2312,2378
-7.692596,53.288234,2020/08/14 00:00:00+00,67,26995,0,1774,2020/08/12 00:00:00+00,26906,3344,441,8526,2474,24,18,74,205,274,445,493,11682,15221,3,234,416,2168,4645,4743,4782,3348,31,0,0,0,166,592,744,474,1863,2314,2380
-7.692596,53.288234,2020/08/15 00:00:00+00,200,27191,0,1774,2020/08/13 00:00:00+00,26973,3347,442,8529,2477,24,18,74,205,275,446,493,11718,15252,3,236,420,2184,4658,4755,4792,3351,33,0,0,0,167,592,745,474,1867,2315,2382
-7.692596,53.288234,2020/08/16 00:00:00+00,66,27257,0,1774,2020/08/14 00:00:00+00,27171,3352,444,8547,2487,24,18,74,205,276,448,493,11821,15347,3,241,437,2217,4702,4790,4821,3370,34,0,0,0,168,593,746,474,1879,2317,2384
-7.692596,53.288234,2020/08/17 00:00:00+00,56,27313,0,1774,2020/08/15 00:00:00+00,27235,3352,444,8554,2497,24,18,74,205,276,448,493,11855,15377,3,244,443,2229,4714,4800,4833,3375,33,0,0,0,169,593,746,474,1883,2317,2384
-7.692596,53.288234,2020/08/18 00:00:00+00,190,27499,1,1775,2020/08/16 00:00:00+00,27288,3352,444,8561,2496,24,18,74,205,276,448,493,11883,15402,3,246,451,2241,4724,4809,4838,3380,31,0,0,0,170,593,746,474,1885,2317,2384
-7.692596,53.288234,2020/08/19 00:00:00+00,54,27547,2,1775,2020/08/17 00:00:00+00,27472,3355,444,8575,2520,24,18,74,205,277,449,493,11956,15513,3,251,465,2277,4769,4846,4868,3390,32,0,0,0,171,594,746,474,1890,2318,2385
-7.692596,53.288234,2020/08/20 00:00:00+00,136,27676,1,1776,2020/08/18 00:00:00+00,27526,3359,445,8579,2568,24,18,74,206,277,450,494,11981,15542,3,253,469,2292,4780,4850,4876,3396,29,0,0,0,172,594,747,474,1893,2319,2385
-7.692596,53.288234,2020/08/21 00:00:00+00,80,27755,0,1776,2020/08/19 00:00:00+00,27661,3360,445,8587,2577,24,18,74,206,277,450,494,12036,15622,3,257,481,2329,4810,4873,4884,3411,27,0,0,0,173,594,747,475,1896,2320,2387
-7.692596,53.288234,2020/08/22 00:00:00+00,156,27908,2,1777,2020/08/20 00:00:00+00,27736,3361,445,8592,2570,24,18,74,206,277,450,494,12074,15659,3,260,486,2347,4828,4885,4891,3421,30,0,0,0,174,595,747,475,1898,2320,2387
-7.692596,53.288234,2020/08/23 00:00:00+00,61,27969,0,1777,2020/08/21 00:00:00+00,27886,3363,445,8606,2579,24,18,74,207,277,450,494,12150,15733,3,270,496,2375,4863,4909,4911,3433,32,0,0,0,175,596,747,475,1904,2325,2387
-7.692596,53.288234,2020/08/24 00:00:00+00,147,28116,0,1777,2020/08/22 00:00:00+00,27946,3364,445,8612,2580,24,18,74,207,277,450,494,12180,15763,3,271,500,2395,4873,4916,4923,3438,29,0,0,0,176,596,748,475,1904,2326,2387
-7.692596,53.288234,2020/08/25 00:00:00+00,92,28201,0,1777,2020/08/23 00:00:00+00,28092,3370,447,8625,2584,24,18,75,208,277,451,497,12260,15829,3,274,508,2442,4901,4934,4937,3452,29,0,0,0,177,596,748,475,1912,2331,2388
-7.692596,53.288234,2020/08/26 00:00:00+00,164,28363,0,1777,2020/08/24 00:00:00+00,28183,3372,447,8628,2633,25,18,75,208,277,452,497,12313,15867,3,277,519,2463,4915,4947,4953,3458,31,0,0,0,178,596,748,475,1917,2333,2388
-7.692596,53.288234,2020/08/27 00:00:00+00,93,28453,0,1777,2020/08/25 00:00:00+00,28345,3376,447,8637,2649,25,18,77,208,278,453,497,12395,15947,3,280,528,2503,4951,4965,4983,3470,32,0,0,0,179,596,748,475,1924,2338,2389
-7.692596,53.288234,2020/08/28 00:00:00+00,128,28579,0,1777,2020/08/26 00:00:00+00,28438,3380,447,8652,2656,25,18,78,208,278,454,497,12446,15989,3,284,537,2521,4966,4984,4997,3479,35,0,0,0,180,597,749,475,1928,2339,2389
-7.692596,53.288234,2020/08/29 00:00:00+00,141,28719,0,1777,2020/08/27 00:00:00+00,28562,3385,447,8666,2734,25,18,78,209,278,454,498,12513,16046,3,285,549,2553,4993,5010,5011,3486,30,0,0,0,181,598,751,475,1930,2341,2389
-7.692596,53.288234,2020/08/30 00:00:00+00,42,28760,0,1777,2020/08/28 00:00:00+00,28702,3391,448,8683,2741,25,18,79,211,279,455,498,12586,16113,3,289,561,2579,5022,5036,5030,3498,34,0,0,0,182,599,751,475,1932,2348,2392
-7.692596,53.288234,2020/08/31 00:00:00+00,53,28811,0,1777,2020/08/29 00:00:00+00,28742,3394,448,8686,2741,25,18,79,211,279,455,499,12605,16134,3,292,563,2590,5029,5042,5036,3500,31,0,0,0,183,599,753,475,1932,2351,2392
-7.692596,53.288234,2020/09/01 00:00:00+00,217,29025,0,1777,2020/08/30 00:00:00+00,28795,3395,448,8696,2733,25,18,80,211,279,455,499,12633,16159,3,293,568,2603,5039,5053,5039,3509,30,0,0,0,184,599,753,475,1932,2352,2392
-7.692596,53.288234,2020/09/02 00:00:00+00,89,29114,1,1777,2020/08/31 00:00:00+00,29009,3403,448,8718,2783,25,18,80,211,279,455,500,12735,16271,3,300,591,2651,5079,5084,5068,3524,30,0,0,0,185,599,758,477,1940,2359,2398
-7.692596,53.288234,2020/09/03 00:00:00+00,95,29206,0,1777,2020/09/01 00:00:00+00,29098,3409,449,8728,2810,25,18,80,211,279,456,501,12776,16319,3,302,603,2677,5090,5089,5079,3532,31,0,0,0,186,599,758,481,1942,2366,2403
-7.692596,53.288234,2020/09/04 00:00:00+00,98,29303,0,1777,2020/09/02 00:00:00+00,29191,3413,449,8740,2826,25,18,80,211,279,456,502,12828,16360,3,306,613,2696,5105,5105,5088,3541,33,0,0,0,187,602,758,481,1948,2369,2404
-7.692596,53.288234,2020/09/05 00:00:00+00,231,29534,0,1777,2020/09/03 00:00:00+00,29287,3421,450,8763,2848,26,18,81,211,279,457,503,12876,16408,3,313,623,2715,5122,5116,5102,3549,31,0,0,0,188,602,759,484,1948,2371,2412
-7.692596,53.288234,2020/09/06 00:00:00+00,138,29672,0,1777,2020/09/04 00:00:00+00,29516,3429,451,8790,2865,26,18,83,211,280,457,503,12992,16521,3,319,637,2763,5172,5158,5129,3566,34,0,0,0,189,605,761,484,1963,2378,2415
-7.692596,53.288234,2020/09/07 00:00:00+00,102,29774,0,1777,2020/09/05 00:00:00+00,29654,3431,451,8817,2878,26,18,83,211,281,458,503,13051,16600,3,326,641,2794,5197,5184,5148,3576,35,0,0,0,190,605,761,484,1976,2380,2416
-7.692596,53.288234,2020/09/08 00:00:00+00,307,30080,1,1778,2020/09/06 00:00:00+00,29754,3435,452,8828,2885,26,18,84,211,281,458,504,13096,16655,3,331,650,2818,5214,5203,5159,3583,31,0,0,0,191,606,762,484,1979,2384,2417
-7.692596,53.288234,2020/09/09 00:00:00+00,84,30164,3,1781,2020/09/07 00:00:00+00,30060,3439,453,8854,2908,26,19,84,211,281,458,504,13256,16801,3,347,682,2879,5276,5254,5193,3614,31,0,0,0,192,607,763,485,1990,2388,2421
-7.692596,53.288234,2020/09/10 00:00:00+00,196,30360,0,1781,2020/09/08 00:00:00+00,30142,3443,454,8861,2933,26,19,84,211,281,460,504,13285,16854,3,356,691,2891,5291,5264,5203,3618,32,0,0,0,193,607,764,486,1996,2392,2424
-7.692596,53.288234,2020/09/11 00:00:00+00,211,30571,1,1781,2020/09/09 00:00:00+00,30337,3450,455,8880,2954,26,19,84,211,281,462,506,13389,16945,3,359,720,2915,5330,5289,5235,3633,36,0,0,0,194,610,764,486,2012,2398,2430
-7.692596,53.288234,2020/09/12 00:00:00+00,159,30730,2,1783,2020/09/10 00:00:00+00,30544,3458,455,8906,2985,26,19,84,212,281,464,507,13489,17052,3,369,733,2961,5376,5325,5257,3653,32,0,0,0,195,614,764,486,2024,2399,2431
-7.692596,53.288234,2020/09/13 00:00:00+00,255,30985,1,1784,2020/09/11 00:00:00+00,30702,3465,457,8920,3028,27,19,84,212,281,467,508,13558,17141,3,376,747,2991,5404,5348,5281,3675,34,0,0,0,196,615,764,487,2027,2403,2434
-7.692596,53.288234,2020/09/14 00:00:00+00,208,31192,0,1784,2020/09/12 00:00:00+00,30957,3475,459,8935,3035,28,19,85,213,282,468,511,13690,17264,3,386,773,3046,5451,5384,5305,3699,33,0,0,0,197,617,764,487,2051,2408,2438
-7.692596,53.288234,2020/09/15 00:00:00+00,357,31549,3,1787,2020/09/13 00:00:00+00,31161,3481,459,8946,3035,28,19,85,213,282,468,512,13786,17372,3,389,783,3111,5473,5410,5342,3725,36,0,0,0,198,620,766,487,2060,2413,2439
-7.692596,53.288234,2020/09/16 00:00:00+00,254,31799,3,1788,2020/09/14 00:00:00+00,31511,3494,462,8971,3074,28,19,87,214,282,471,514,13969,17539,3,401,818,3200,5523,5448,5392,3761,32,0,0,0,199,623,768,487,2091,2422,2439
-7.692596,53.288234,2020/09/17 00:00:00+00,240,32023,1,1789,2020/09/15 00:00:00+00,31756,3502,465,8990,3156,28,19,88,214,283,472,515,14084,17669,3,412,846,3252,5563,5474,5429,3790,32,0,0,0,200,627,768,487,2105,2429,2440
-7.692596,53.288234,2020/09/18 00:00:00+00,253,32271,3,1792,2020/09/16 00:00:00+00,31994,3520,466,9008,3252,29,19,88,215,285,473,519,14203,17788,3,427,864,3285,5606,5509,5465,3819,36,0,0,0,201,629,772,490,2121,2437,2445
-7.692596,53.288234,2020/09/19 00:00:00+00,274,32538,0,1792,2020/09/17 00:00:00+00,32242,3532,468,9023,3433,29,19,90,215,287,474,522,14343,17896,3,433,889,3345,5643,5554,5501,3834,34,0,0,0,202,631,774,490,2139,2442,2446
-7.692596,53.288234,2020/09/20 00:00:00+00,396,32933,0,1792,2020/09/18 00:00:00+00,32512,3541,469,9048,3489,29,19,91,215,287,478,522,14483,18026,3,441,909,3410,5682,5599,5536,3868,35,0,0,0,203,633,776,490,2153,2449,2449
-7.692596,53.288234,2020/09/21 00:00:00+00,188,33121,0,1792,2020/09/19 00:00:00+00,32903,3553,473,9075,3499,29,19,92,215,290,480,522,14652,18248,3,454,933,3503,5756,5669,5590,3889,32,0,0,0,204,636,777,492,2180,2456,2457
-7.692596,53.288234,2020/09/22 00:00:00+00,334,33444,0,1792,2020/09/20 00:00:00+00,33087,3565,475,9083,3521,29,19,92,215,290,483,525,14748,18336,3,458,948,3542,5804,5693,5615,3900,31,0,0,0,205,640,778,493,2191,2461,2459
-7.692596,53.288234,2020/09/23 00:00:00+00,234,33675,2,1794,2020/09/21 00:00:00+00,33415,3573,476,9108,3595,29,19,92,215,291,485,526,14901,18511,3,470,985,3624,5857,5745,5651,3929,30,0,0,0,206,641,780,494,2204,2470,2464
-7.692596,53.288234,2020/09/24 00:00:00+00,324,33994,3,1797,2020/09/22 00:00:00+00,33642,3578,476,9127,3699,29,19,92,216,292,485,527,15013,18626,3,470,999,3699,5892,5774,5679,3955,31,0,0,0,207,642,780,495,2217,2476,2465
-7.692596,53.288234,2020/09/25 00:00:00+00,326,34315,0,1797,2020/09/23 00:00:00+00,33962,3590,478,9154,3795,29,19,93,216,292,487,530,15179,18780,3,479,1020,3765,5947,5829,5732,3985,37,0,0,0,208,644,783,496,2231,2489,2469
-7.692596,53.288234,2020/09/26 00:00:00+00,248,34560,5,1802,2020/09/24 00:00:00+00,34286,3607,480,9182,3874,29,19,93,216,295,490,535,15340,18943,3,483,1042,3852,6015,5872,5773,4018,30,0,0,0,209,648,785,496,2247,2498,2470
-7.692596,53.288234,2020/09/27 00:00:00+00,430,34990,0,1802,2020/09/25 00:00:00+00,34534,3618,482,9202,3948,30,20,94,217,295,492,536,15472,19059,3,491,1063,3916,6063,5898,5806,4042,30,0,0,0,210,651,786,496,2263,2504,2472
-7.692596,53.288234,2020/09/28 00:00:00+00,390,35377,0,1802,2020/09/26 00:00:00+00,34962,3627,483,9223,3961,30,21,95,218,295,492,538,15692,19267,3,500,1097,4028,6154,5958,5855,4071,31,0,0,0,211,653,787,497,2287,2514,2482
-7.692596,53.288234,2020/09/29 00:00:00+00,363,35740,1,1803,2020/09/27 00:00:00+00,35345,3636,483,9237,3971,30,21,95,219,296,494,539,15878,19464,3,506,1122,4125,6227,6007,5917,4110,33,0,0,0,212,655,789,497,2306,2527,2482
-7.692596,53.288234,2020/09/30 00:00:00+00,429,36155,1,1804,2020/09/28 00:00:00+00,35702,3650,484,9273,4055,31,21,96,220,298,496,542,16047,19652,3,514,1138,4220,6282,6061,5970,4150,36,0,0,0,213,658,789,498,2329,2535,2487
-7.692596,53.288234,2020/10/01 00:00:00+00,442,36597,4,1806,2020/09/29 00:00:00+00,36130,3670,486,9309,4138,31,21,97,222,300,500,544,16250,19877,3,531,1164,4329,6352,6116,6030,4198,34,0,0,0,214,663,793,498,2349,2551,2494
-7.692596,53.288234,2020/10/02 00:00:00+00,470,37063,1,1801,2020/09/30 00:00:00+00,36569,3686,487,9346,4237,31,22,98,222,301,503,544,16473,20093,3,539,1186,4425,6440,6196,6086,4250,35,0,0,0,215,666,799,499,2370,2563,2498
-7.692596,53.288234,2020/10/03 00:00:00+00,613,37668,10,1810,2020/10/01 00:00:00+00,37027,3697,488,9387,4330,31,22,100,222,302,505,545,16693,20331,3,551,1220,4535,6516,6275,6161,4290,34,0,0,0,216,667,802,500,2391,2570,2502
-7.692596,53.288234,2020/10/04 00:00:00+00,364,38032,0,1810,2020/10/02 00:00:00+00,37631,3710,488,9416,4423,32,22,100,224,303,506,549,17005,20623,3,570,1261,4686,6617,6374,6238,4357,33,0,0,0,217,669,803,501,2418,2579,2515
-7.692596,53.288234,2020/10/05 00:00:00+00,518,38549,0,1810,2020/10/03 00:00:00+00,37992,3722,489,9440,4443,33,22,101,227,305,506,550,17199,20790,3,581,1280,4781,6704,6429,6278,4391,31,0,0,0,218,672,804,501,2430,2585,2517
-7.692596,53.288234,2020/10/06 00:00:00+00,432,38973,1,1811,2020/10/04 00:00:00+00,38508,3733,491,9486,4457,33,23,101,227,308,507,552,17450,21055,3,596,1322,4910,6784,6517,6353,4433,34,0,0,0,219,673,807,501,2455,2601,2521
-7.692596,53.288234,2020/10/07 00:00:00+00,611,39584,5,1816,2020/10/05 00:00:00+00,38934,3763,496,9539,4554,33,23,102,229,309,509,565,17664,21267,3,605,1351,5025,6841,6571,6416,4492,35,0,0,0,220,676,813,503,2469,2616,2532
-7.692596,53.288234,2020/10/08 00:00:00+00,506,40086,1,1817,2020/10/06 00:00:00+00,39536,3792,499,9587,4651,34,23,105,230,310,512,572,17963,21570,3,623,1390,5173,6932,6630,6487,4568,36,0,0,0,221,679,818,508,2505,2647,2565
-7.692596,53.288234,2020/10/09 00:00:00+00,617,40703,5,1821,2020/10/07 00:00:00+00,40039,3818,503,9636,4795,34,24,105,231,311,513,578,18205,21831,3,635,1415,5322,7010,6691,6557,4616,33,0,0,0,222,682,825,514,2541,2662,2574
-7.692596,53.288234,2020/10/10 00:00:00+00,1012,41714,3,1824,2020/10/08 00:00:00+00,40652,3840,505,9683,4904,35,24,106,232,315,517,580,18513,22136,3,651,1462,5510,7118,6783,6633,4665,29,0,0,0,223,684,831,515,2560,2676,2578
-7.692596,53.288234,2020/10/11 00:00:00+00,817,42531,2,1826,2020/10/09 00:00:00+00,41651,3871,509,9749,4947,37,25,107,238,315,523,583,19020,22628,3,682,1525,5803,7320,6906,6773,4751,30,0,0,0,224,690,832,520,2600,2688,2586
-7.692596,53.288234,2020/10/12 00:00:00+00,825,43351,1,1827,2020/10/10 00:00:00+00,42449,3905,510,9787,4957,38,25,110,242,316,524,585,19446,23000,3,702,1586,6014,7462,7027,6865,4828,32,0,0,0,225,697,838,528,2639,2709,2599
-7.692596,53.288234,2020/10/13 00:00:00+00,811,44159,3,1830,2020/10/11 00:00:00+00,43265,3927,512,9837,4955,38,25,113,244,318,528,587,19877,23385,3,725,1641,6233,7629,7126,6979,4901,30,0,0,0,226,700,841,531,2675,2729,2609
-7.692596,53.288234,2020/10/14 00:00:00+00,1095,45243,5,1835,2020/10/12 00:00:00+00,44071,3951,513,9894,5022,38,25,116,248,320,530,591,20290,23778,3,745,1698,6478,7773,7223,7072,4979,29,0,0,0,227,702,846,533,2713,2752,2620
-7.692596,53.288234,2020/10/15 00:00:00+00,1205,46429,3,1838,2020/10/13 00:00:00+00,45143,3998,516,9970,5173,41,25,118,251,322,534,600,20814,24325,4,770,1767,6794,7962,7370,7202,5081,31,0,0,0,228,710,859,536,2766,2781,2631
-7.692596,53.288234,2020/10/16 00:00:00+00,1000,47427,3,1841,2020/10/14 00:00:00+00,46349,4029,523,10047,5265,41,26,119,252,323,541,606,21430,24915,4,806,1858,7130,8172,7548,7363,5192,32,0,0,0,229,713,866,540,2819,2801,2641
-7.692596,53.288234,2020/10/17 00:00:00+00,1276,48678,8,1849,2020/10/15 00:00:00+00,47343,4051,525,10107,5423,41,27,122,258,325,542,608,21905,25434,4,846,1949,7394,8328,7705,7489,5292,31,0,0,0,230,714,869,543,2860,2814,2647
-7.692596,53.288234,2020/10/18 00:00:00+00,1283,49962,3,1852,2020/10/16 00:00:00+00,48610,4083,527,10165,5568,41,29,126,258,329,543,615,22544,26062,4,877,2042,7757,8532,7886,7666,5425,31,0,0,0,231,719,872,549,2911,2835,2660
-7.692596,53.288234,2020/10/19 00:00:00+00,1031,50993,0,1852,2020/10/17 00:00:00+00,49856,4112,529,10204,5590,41,29,126,261,331,547,621,23152,26700,4,922,2171,8053,8740,8058,7823,5550,31,0,0,0,232,726,876,552,2972,2865,2682
-7.692596,53.288234,2020/10/20 00:00:00+00,1269,52256,13,1865,2020/10/18 00:00:00+00,50856,4129,532,10230,5617,41,29,126,264,332,549,623,23651,27201,4,960,2281,8315,8895,8194,7948,5653,30,0,0,0,233,729,878,556,3013,2885,2691
-7.692596,53.288234,2020/10/21 00:00:00+00,1167,53422,3,1868,2020/10/19 00:00:00+00,52105,4175,539,10278,5765,42,31,126,266,333,555,635,24257,27844,4,1008,2391,8631,9054,8349,8119,5822,34,0,0,0,234,734,890,561,3076,2923,2711
-7.692596,53.288234,2020/10/22 00:00:00+00,1066,53410,3,1871,2020/10/20 00:00:00+00,53260,4234,545,10360,5900,42,32,128,270,334,560,650,24791,28465,4,1051,2495,8910,9229,8497,8279,5934,33,0,0,0,235,747,899,570,3132,2960,2751
-7.692596,53.288234,2020/10/23 00:00:00+00,777,55261,7,1878,2020/10/21 00:00:00+00,54320,4269,546,10410,6000,42,32,130,273,338,564,656,25324,28992,4,1106,2602,9138,9403,8643,8412,6027,32,0,0,0,236,752,905,575,3197,2991,2779
-7.692596,53.288234,2020/10/24 00:00:00+00,859,56108,4,1883,2020/10/22 00:00:00+00,55075,4290,547,10443,6143,42,32,130,274,339,566,657,25749,29322,4,1136,2676,9314,9510,8759,8517,6116,33,0,0,0,237,758,912,578,3226,3014,2785
-7.692596,53.288234,2020/10/25 00:00:00+00,1025,57128,0,1882,2020/10/23 00:00:00+00,55913,4337,551,10489,6249,42,32,131,275,343,568,663,26153,29756,4,1156,2765,9503,9637,8862,8636,6214,34,0,0,0,238,773,928,580,3291,3036,2791
-7.692596,53.288234,2020/10/26 00:00:00+00,939,58067,3,1885,2020/10/24 00:00:00+00,56926,4356,553,10530,6257,42,32,134,276,344,569,666,26657,30265,4,1210,2888,9744,9785,9012,8756,6321,31,0,0,0,239,775,932,584,3330,3057,2801
-7.692596,53.288234,2020/10/27 00:00:00+00,720,58767,5,1890,2020/10/25 00:00:00+00,57856,4385,558,10561,6254,42,34,134,277,345,572,667,27100,30752,4,1243,3006,9950,9920,9131,8881,6412,32,0,0,0,240,786,939,587,3382,3092,2817
-7.692596,53.288234,2020/10/28 00:00:00+00,675,59434,6,1896,2020/10/26 00:00:00+00,58565,4396,559,10591,6291,42,34,135,277,346,573,668,27445,31115,5,1273,3074,10106,10028,9228,8994,6487,33,0,0,0,241,789,941,589,3418,3110,2825
-7.692596,53.288234,2020/10/29 00:00:00+00,866,60297,6,1902,2020/10/27 00:00:00+00,59228,4433,562,10625,6372,44,34,137,280,351,579,672,27749,31474,5,1310,3143,10241,10124,9325,9095,6552,34,0,0,0,242,790,948,596,3441,3134,2841
-7.692596,53.288234,2020/10/30 00:00:00+00,772,61059,6,1908,2020/10/28 00:00:00+00,60072,4474,566,10662,6494,45,34,139,281,357,584,675,28160,31907,5,1335,3245,10406,10251,9447,9214,6633,35,0,0,0,243,800,956,601,3493,3158,2868
-7.692596,53.288234,2020/10/31 00:00:00+00,416,61456,5,1913,2020/10/29 00:00:00+00,60826,4509,570,10704,6584,45,34,140,286,362,588,676,28518,32303,5,1375,3330,10550,10353,9563,9324,6715,35,0,0,0,244,808,964,604,3538,3174,2882
-7.692596,53.288234,2020/11/01 00:00:00+00,552,62002,2,1915,2020/10/30 00:00:00+00,61225,4528,572,10734,6678,45,35,142,287,363,589,679,28694,32526,5,1388,3368,10636,10419,9617,9384,6756,34,0,0,0,245,813,968,605,3564,3186,2885
-7.692596,53.288234,2020/11/02 00:00:00+00,767,62750,2,1917,2020/10/31 00:00:00+00,61763,4547,574,10765,6703,46,37,142,288,363,592,681,28962,32794,7,1416,3454,10726,10481,9692,9462,6810,35,0,0,0,246,817,971,608,3597,3209,2894
-7.692596,53.288234,2020/11/03 00:00:00+00,322,63048,5,1922,2020/11/01 00:00:00+00,62510,4567,577,10820,6708,47,38,144,289,366,592,685,29306,33197,7,1451,3540,10871,10606,9814,9571,6869,33,0,0,0,247,820,976,608,3629,3233,2904
-7.692596,53.288234,2020/11/04 00:00:00+00,444,63483,8,1930,2020/11/02 00:00:00+00,62820,4589,580,10852,6850,47,39,145,289,368,595,687,29451,33362,7,1468,3576,10912,10657,9870,9606,6896,37,0,0,0,248,826,982,609,3649,3250,2912
-7.692596,53.288234,2020/11/05 00:00:00+00,591,64046,3,1933,2020/11/03 00:00:00+00,63262,4625,584,10900,6945,48,39,148,289,369,598,692,29657,33598,7,1494,3622,10970,10735,9929,9666,6951,37,0,0,0,249,832,993,615,3673,3269,2929
-7.692596,53.288234,2020/11/06 00:00:00+00,449,64538,8,1940,2020/11/04 00:00:00+00,63842,4673,588,10980,7071,49,40,149,294,370,603,694,29934,33901,7,1514,3664,11055,10839,10020,9758,7004,38,0,0,0,250,846,1006,620,3714,3300,2950
-7.692596,53.288234,2020/11/07 00:00:00+00,335,64855,5,1945,2020/11/05 00:00:00+00,64335,4697,591,11042,7138,49,40,149,296,372,606,697,30180,34147,8,1535,3715,11147,10936,10092,9822,7039,32,0,0,0,251,850,1015,621,3740,3322,2963
-7.692596,53.288234,2020/11/08 00:00:00+00,542,65394,2,1947,2020/11/06 00:00:00+00,64666,4725,594,11081,7241,49,40,150,299,376,607,703,30336,34322,8,1544,3757,11194,10985,10157,9872,7076,37,0,0,0,252,857,1019,623,3760,3331,2966
-7.692596,53.288234,2020/11/09 00:00:00+00,270,65659,1,1948,2020/11/07 00:00:00+00,65185,4760,595,11131,7266,49,40,150,302,379,611,704,30608,34569,8,1566,3803,11289,11076,10237,9947,7120,35,0,0,0,253,861,1028,634,3790,3351,2982
-7.692596,53.288234,2020/11/10 00:00:00+00,270,65889,16,1963,2020/11/08 00:00:00+00,65449,4770,597,11166,7313,49,41,151,302,381,611,706,30749,34692,8,1571,3842,11347,11113,10280,9982,7145,34,0,0,0,254,862,1029,636,3806,3354,2985
-7.692596,53.288234,2020/11/11 00:00:00+00,362,66247,2,1965,2020/11/09 00:00:00+00,65716,4816,602,11222,7412,50,41,153,304,384,615,710,30871,34837,8,1581,3858,11392,11152,10321,10019,7166,41,0,0,0,255,876,1041,640,3835,3371,2997
-7.692596,53.288234,2020/11/12 00:00:00+00,395,66632,1,1965,2020/11/10 00:00:00+00,66075,4852,602,11297,7748,51,41,154,304,385,618,713,31056,35011,8,1594,3887,11455,11201,10366,10091,7201,41,0,0,0,256,883,1052,649,3854,3390,3012
-7.692596,53.288234,2020/11/13 00:00:00+00,482,67099,7,1972,2020/11/11 00:00:00+00,66466,4897,606,11343,7955,51,43,156,306,385,625,717,31253,35205,8,1609,3922,11542,11259,10425,10138,7232,34,0,0,0,257,891,1063,658,3874,3407,3034
-7.692596,53.288234,2020/11/14 00:00:00+00,456,67526,6,1978,2020/11/12 00:00:00+00,66943,4918,609,11413,8110,51,43,156,307,387,628,719,31487,35448,8,1642,3967,11618,11339,10484,10205,7281,35,0,0,0,258,893,1074,658,3892,3440,3051
-7.692596,53.288234,2020/11/15 00:00:00+00,378,67903,1,1979,2020/11/13 00:00:00+00,67398,4939,610,11462,8235,51,44,157,307,389,630,721,31697,35693,8,1659,4025,11704,11417,10560,10259,7327,33,0,0,0,259,895,1081,662,3906,3456,3061
-7.692596,53.288234,2020/11/16 00:00:00+00,456,68356,5,1984,2020/11/14 00:00:00+00,67768,4965,613,11511,8311,51,44,159,308,391,632,725,31881,35879,8,1669,4065,11756,11479,10629,10309,7363,38,0,0,0,260,901,1086,666,3935,3468,3071
-7.692596,53.288234,2020/11/17 00:00:00+00,366,68686,11,1995,2020/11/15 00:00:00+00,68218,4983,614,11590,8398,51,44,160,308,392,634,726,32077,36133,8,1698,4105,11846,11554,10705,10376,7395,33,0,0,0,261,903,1094,669,3949,3482,3084
-7.692596,53.288234,2020/11/18 00:00:00+00,379,69058,12,2006,2020/11/16 00:00:00+00,68578,5019,616,11670,8461,52,44,162,310,395,638,733,32242,36328,8,1718,4142,11900,11606,10761,10433,7428,38,0,0,0,262,909,1100,674,3971,3494,3101
-7.692596,53.288234,2020/11/19 00:00:00+00,429,69473,4,2010,2020/11/17 00:00:00+00,68959,5047,617,11732,8530,52,44,165,314,396,642,734,32417,36534,8,1732,4187,11970,11664,10822,10497,7464,36,0,0,0,263,915,1107,676,3989,3503,3107
-7.692596,53.288234,2020/11/20 00:00:00+00,330,69802,8,2018,2020/11/18 00:00:00+00,69378,5088,619,11785,8708,53,44,170,316,398,649,736,32607,36762,9,1749,4219,12066,11733,10897,10546,7495,34,0,0,0,264,919,1118,683,4011,3522,3116
-7.692596,53.288234,2020/11/21 00:00:00+00,344,70143,4,2022,2020/11/19 00:00:00+00,69708,5120,621,11824,8873,53,45,170,317,402,650,739,32781,36918,9,1757,4263,12121,11782,10953,10587,7523,37,0,0,0,265,928,1125,689,4028,3540,3129
-7.692596,53.288234,2020/11/22 00:00:00+00,318,70461,1,2023,2020/11/20 00:00:00+00,70042,5133,621,11864,9043,53,45,170,319,403,651,740,32930,37103,9,1772,4306,12192,11836,11004,10634,7543,32,0,0,0,266,928,1129,693,4044,3551,3135
-7.692596,53.288234,2020/11/23 00:00:00+00,252,70711,0,2022,2020/11/21 00:00:00+00,70348,5146,621,11882,9062,53,45,171,319,405,652,742,33081,37258,9,1784,4346,12285,11877,11043,10663,7571,28,0,0,0,267,930,1133,694,4058,3557,3139
-7.692596,53.288234,2020/11/24 00:00:00+00,226,70930,6,2028,2020/11/22 00:00:00+00,70597,5154,622,11899,9096,53,45,171,319,406,652,744,33204,37384,9,1795,4377,12337,11908,11079,10702,7591,34,0,0,0,268,931,1136,695,4072,3567,3144
-7.692596,53.288234,2020/11/25 00:00:00+00,269,71187,6,2033,2020/11/23 00:00:00+00,70823,5193,626,11934,9134,53,45,171,319,408,655,748,33321,37493,9,1798,4393,12378,11942,11111,10731,7615,41,0,0,0,269,936,1151,705,4082,3593,3155
-7.692596,53.288234,2020/11/26 00:00:00+00,335,71494,3,2036,2020/11/24 00:00:00+00,71079,5216,629,11962,9197,53,45,171,321,409,655,751,33438,37632,9,1803,4432,12425,11976,11150,10763,7642,35,0,0,0,270,943,1156,710,4101,3602,3160
-7.692596,53.288234,2020/11/27 00:00:00+00,206,71699,7,2043,2020/11/25 00:00:00+00,71411,5234,629,12000,9345,53,45,172,322,409,657,754,33599,37803,9,1816,4467,12488,12030,11195,10819,7670,35,0,0,0,271,946,1160,714,4116,3613,3171
-7.692596,53.288234,2020/11/28 00:00:00+00,243,71942,7,2050,2020/11/26 00:00:00+00,71612,5243,632,12029,9378,53,45,173,322,411,658,755,33697,37906,9,1828,4492,12534,12051,11226,10852,7685,34,0,0,0,272,947,1161,716,4124,3618,3176
-7.692596,53.288234,2020/11/29 00:00:00+00,299,72241,2,2052,2020/11/27 00:00:00+00,71849,5260,632,12043,9393,53,45,174,324,412,661,757,33832,38008,9,1845,4518,12583,12085,11269,10876,7698,32,0,0,0,273,949,1166,717,4133,3631,3185
-7.692596,53.288234,2020/11/30 00:00:00+00,306,72544,1,2053,2020/11/28 00:00:00+00,72145,5284,633,12088,9400,53,46,175,328,415,662,758,33988,38148,9,1861,4559,12626,12134,11320,10911,7726,34,0,0,0,274,956,1171,718,4148,3645,3189
-7.692596,53.288234,2020/12/01 00:00:00+00,269,72798,18,2069,2020/11/29 00:00:00+00,72447,5293,633,12129,9411,53,46,175,328,415,663,759,34143,38295,9,1870,4592,12678,12186,11375,10954,7750,35,0,0,0,275,958,1175,719,4162,3657,3197
-7.692596,53.288234,2020/12/02 00:00:00+00,270,73066,5,2074,2020/11/30 00:00:00+00,72716,5314,633,12170,9538,53,46,175,331,416,668,760,34276,38431,9,1884,4620,12732,12219,11421,10993,7771,35,0,0,0,276,960,1178,725,4174,3670,3206
-7.692596,53.288234,2020/12/03 00:00:00+00,183,73228,6,2080,2020/12/01 00:00:00+00,72983,5344,638,12212,9606,53,46,176,332,418,672,764,34414,38560,9,1894,4654,12777,12252,11469,11027,7797,37,0,0,0,277,967,1185,729,4188,3686,3213
-7.692596,53.288234,2020/12/04 00:00:00+00,265,73491,6,2086,2020/12/02 00:00:00+00,73164,5366,641,12235,9640,53,46,176,334,419,674,770,34495,38660,9,1900,4675,12807,12283,11491,11050,7818,36,0,0,0,278,971,1191,730,4198,3695,3221
-7.692596,53.288234,2020/12/05 00:00:00+00,456,73948,13,2099,2020/12/03 00:00:00+00,73428,5374,643,12268,9700,54,46,176,335,419,676,771,34629,38790,9,1911,4719,12846,12330,11527,11088,7839,33,0,0,0,279,972,1192,731,4210,3705,3227
-7.692596,53.288234,2020/12/06 00:00:00+00,301,74246,0,2099,2020/12/04 00:00:00+00,73873,5413,644,12341,9722,54,46,176,338,420,680,775,34846,39018,9,1927,4767,12902,12412,11588,11148,7886,38,0,0,0,280,984,1200,738,4240,3729,3248
-7.692596,53.288234,2020/12/07 00:00:00+00,242,74468,0,2099,2020/12/05 00:00:00+00,74171,5425,645,12367,9746,54,47,177,338,420,680,775,34979,39183,9,1956,4819,12936,12456,11621,11187,7908,32,0,0,0,281,989,1201,742,4261,3735,3266
-7.692596,53.288234,2020/12/08 00:00:00+00,215,74682,1,2097,2020/12/06 00:00:00+00,74412,5436,646,12405,9824,54,47,177,338,422,680,777,35091,39312,9,1970,4851,12964,12490,11664,11220,7931,37,0,0,0,282,992,1204,743,4276,3745,3275
-7.692596,53.288234,2020/12/09 00:00:00+00,227,74900,5,2102,2020/12/07 00:00:00+00,74623,5453,647,12433,9878,54,47,179,339,422,680,781,35184,39430,9,1976,4877,12992,12527,11696,11255,7957,36,0,0,0,283,999,1205,745,4288,3748,3281
-7.692596,53.288234,2020/12/10 00:00:00+00,310,75203,15,2117,2020/12/08 00:00:00+00,74843,5469,650,12465,9983,54,48,180,339,423,680,783,35279,39555,9,1985,4902,13027,12560,11734,11288,7976,37,0,0,0,284,1006,1208,746,4303,3754,3288
-7.692596,53.288234,2020/12/11 00:00:00+00,313,75507,3,2120,2020/12/09 00:00:00+00,75152,5488,652,12504,10048,55,48,181,341,424,682,789,35441,39702,9,1996,4943,13066,12608,11781,11333,8024,39,0,0,0,285,1010,1210,746,4320,3763,3292
-7.692596,53.288234,2020/12/12 00:00:00+00,247,75756,3,2123,2020/12/10 00:00:00+00,75464,5508,652,12547,10090,55,48,184,342,425,686,789,35585,39870,9,2010,4972,13121,12666,11835,11386,8046,34,0,0,0,286,1013,1215,749,4330,3773,3299
-7.692596,53.288234,2020/12/13 00:00:00+00,429,76185,1,2124,2020/12/11 00:00:00+00,75707,5521,653,12578,10117,55,48,185,343,425,688,791,35708,39990,9,2020,5003,13155,12715,11873,11426,8065,33,0,0,0,287,1015,1218,751,4337,3785,3302
-7.692596,53.288234,2020/12/14 00:00:00+00,264,76449,2,2126,2020/12/12 00:00:00+00,76133,5539,655,12632,10150,55,48,185,345,426,694,796,35904,40220,9,2038,5061,13229,12788,11932,11494,8098,34,0,0,0,288,1016,1219,753,4354,3801,3312
-7.692596,53.288234,2020/12/15 00:00:00+00,329,76776,8,2134,2020/12/13 00:00:00+00,76396,5549,657,12642,10180,55,48,186,345,428,695,797,36033,40354,9,2040,5100,13274,12826,11980,11526,8119,36,0,0,0,289,1017,1221,755,4367,3814,3324
-7.692596,53.288234,2020/12/16 00:00:00+00,431,77197,6,2140,2020/12/14 00:00:00+00,76725,5583,658,12674,10207,55,48,187,348,433,696,804,36195,40521,9,2045,5138,13336,12872,12039,11565,8158,37,0,0,0,290,1022,1231,757,4380,3832,3334
-7.692596,53.288234,2020/12/17 00:00:00+00,484,77678,3,2143,2020/12/15 00:00:00+00,77152,5603,661,12733,10245,55,48,188,348,435,696,807,36376,40767,9,2063,5196,13399,12938,12118,11629,8206,35,0,0,0,291,1027,1237,760,4394,3845,3338
-7.692596,53.288234,2020/12/18 00:00:00+00,582,78254,6,2149,2020/12/16 00:00:00+00,77634,5644,667,12793,10288,55,50,189,351,436,700,814,36621,41004,9,2081,5234,13472,13026,12186,11708,8269,37,0,0,0,292,1031,1250,766,4421,3865,3346
-7.692596,53.288234,2020/12/19 00:00:00+00,527,78776,5,2154,2020/12/17 00:00:00+00,78213,5664,669,12857,10339,55,50,191,353,436,702,816,36932,41272,9,2100,5280,13544,13153,12270,11780,8347,38,0,0,0,293,1037,1254,768,4457,3889,3367
-7.692596,53.288234,2020/12/20 00:00:00+00,764,79542,4,2158,2020/12/18 00:00:00+00,78740,5683,671,12902,10391,55,51,192,354,436,708,819,37202,41529,9,2123,5339,13615,13250,12365,11863,8405,36,0,0,0,294,1039,1258,769,4480,3902,3372
-7.692596,53.288234,2020/12/21 00:00:00+00,727,80267,0,2158,2020/12/19 00:00:00+00,79500,5713,677,12958,10397,56,53,194,355,439,709,825,37606,41885,9,2155,5410,13775,13368,12498,11965,8481,34,0,0,0,295,1043,1266,771,4519,3923,3380
-7.692596,53.288234,2020/12/22 00:00:00+00,970,81228,13,2171,2020/12/20 00:00:00+00,80226,5751,678,13044,10412,56,53,198,356,442,713,828,37964,42253,9,2188,5479,13873,13502,12612,12072,8563,36,0,0,0,296,1053,1275,775,4560,3951,3400
-7.692596,53.288234,2020/12/23 00:00:00+00,938,82155,13,2184,2020/12/21 00:00:00+00,81192,5791,679,13156,10471,56,53,200,357,446,717,834,38433,42750,9,2237,5569,14022,13663,12784,12212,8665,37,0,0,0,297,1058,1286,782,4608,3983,3423
-7.692596,53.288234,2020/12/24 00:00:00+00,922,83073,8,2192,2020/12/22 00:00:00+00,82127,5820,682,13250,10509,56,53,202,358,449,719,837,38849,43269,9,2267,5638,14212,13820,12946,12342,8771,36,0,0,0,298,1066,1289,789,4656,4008,3441
-7.692596,53.288234,2020/12/25 00:00:00+00,1025,84098,2,2194,2020/12/23 00:00:00+00,83045,5856,689,13342,10557,56,54,205,362,452,724,842,39289,43747,9,2305,5709,14404,13995,13090,12472,8861,33,0,0,0,299,1068,1298,793,4700,4034,3449
-7.692596,53.288234,2020/12/26 00:00:00+00,1296,85394,6,2200,2020/12/24 00:00:00+00,84062,5899,695,13425,10599,56,56,207,365,456,727,848,39799,44254,9,2343,5787,14599,14188,13268,12604,8966,35,0,0,0,300,1074,1307,801,4752,4061,3468
-7.692596,53.288234,2020/12/27 00:00:00+00,744,86129,4,2204,2020/12/25 00:00:00+00,85354,5939,702,13491,10599,57,57,209,369,460,730,855,40462,44882,10,2378,5885,14889,14448,13436,12780,9121,33,0,0,0,301,1080,1313,807,4807,4092,3492
-7.692596,53.288234,2020/12/28 00:00:00+00,765,86894,1,2205,2020/12/26 00:00:00+00,86096,5978,704,13554,10610,57,57,210,374,462,734,857,40849,45237,10,2395,5926,15030,14621,13542,12878,9199,34,0,0,0,302,1086,1328,811,4851,4125,3503
-7.692596,53.288234,2020/12/29 00:00:00+00,1546,88439,9,2213,2020/12/27 00:00:00+00,86858,6002,706,13592,10615,58,58,211,376,462,736,858,41250,45597,11,2429,5970,15185,14789,13671,12966,9276,33,0,0,0,303,1090,1335,816,4886,4147,3513
-7.692596,53.288234,2020/12/30 00:00:00+00,1720,90159,13,2226,2020/12/28 00:00:00+00,88403,6053,712,13711,10623,59,60,211,378,466,742,863,42008,46384,11,2468,6083,15502,15114,13890,13173,9443,34,0,0,0,304,1103,1348,821,4977,4192,3535
-7.692596,53.288234,2020/12/31 00:00:00+00,1620,91779,12,2237,2020/12/29 00:00:00+00,90125,6132,717,13823,10648,60,62,214,387,469,749,877,42865,47249,11,2507,6172,15899,15456,14159,13417,9633,34,0,0,0,305,1114,1361,837,5063,4228,3565
-7.692596,53.288234,2021/01/01 00:00:00+00,1754,93532,11,2248,2020/12/30 00:00:00+00,91731,6202,728,13967,10695,60,62,217,395,474,754,885,43658,48060,13,2539,6248,16271,15807,14377,13642,9810,34,0,0,0,306,1128,1374,851,5145,4269,3597
-7.692596,53.288234,2021/01/02 00:00:00+00,3394,96926,4,2252,2020/12/31 00:00:00+00,93481,6291,734,14113,10736,60,64,227,401,484,766,896,44505,48963,13,2574,6337,16653,16174,14628,13878,10016,35,0,0,0,307,1143,1386,862,5247,4311,3637
-7.692596,53.288234,2021/01/03 00:00:00+00,4962,101887,7,2259,2021/01/01 00:00:00+00,96863,6375,744,14421,10760,62,65,230,403,492,778,905,46124,50725,14,2676,6525,17433,16784,15153,14360,10391,35,0,0,0,308,1162,1404,872,5425,4393,3697
-7.692596,53.288234,2021/01/04 00:00:00+00,6110,107997,6,2265,2021/01/02 00:00:00+00,101817,6495,760,14748,10762,64,66,231,405,503,801,928,48536,53267,14,2786,6812,18431,17776,15904,15101,10994,36,0,0,0,309,1180,1433,882,5715,4520,3751
-7.692596,53.288234,2021/01/05 00:00:00+00,5325,113322,17,2282,2021/01/03 00:00:00+00,107918,6680,779,15204,10770,68,67,239,418,524,822,957,51444,56459,15,2924,7154,19569,19059,16847,15978,11810,36,0,0,0,310,1209,1473,901,6043,4677,3830
-7.692596,53.288234,2021/01/06 00:00:00+00,7836,121154,17,2299,2021/01/04 00:00:00+00,113224,6807,793,15480,10814,69,67,246,427,535,835,973,53988,59220,16,3043,7474,20618,20110,17673,16748,12479,36,0,0,0,311,1231,1503,919,6326,4825,3901
-7.692596,53.288234,2021/01/07 00:00:00+00,6521,127657,10,2307,2021/01/05 00:00:00+00,121023,7012,823,16026,10858,71,67,251,444,548,859,1005,57722,63284,17,3192,7876,22133,21718,18931,17909,13451,36,0,0,0,312,1271,1546,948,6715,5047,4024
-7.692596,53.288234,2021/01/08 00:00:00+00,8248,135884,20,2327,2021/01/06 00:00:00+00,127528,7251,845,16547,10912,76,71,266,460,564,886,1036,60790,66721,17,3323,8184,23358,23014,20032,18899,14283,37,0,0,0,313,1324,1579,987,7063,5204,4141
-7.692596,53.288234,2021/01/09 00:00:00+00,4842,140727,9,2336,2021/01/07 00:00:00+00,135766,7537,881,17254,10963,80,71,277,483,589,912,1084,64643,71106,17,3463,8560,24909,24630,21418,20192,15313,38,0,0,0,314,1380,1629,1030,7541,5441,4272
-7.692596,53.288234,2021/01/10 00:00:00+00,6888,147613,8,2344,2021/01/08 00:00:00+00,140602,7708,903,17625,10984,83,71,280,489,597,930,1111,66948,73637,17,3545,8792,25848,25546,22187,20909,15949,38,0,0,0,315,1420,1669,1056,7824,5609,4365
-7.692596,53.288234,2021/01/11 00:00:00+00,4929,152539,8,2352,2021/01/09 00:00:00+00,147433,7966,936,18314,10988,85,72,290,499,618,955,1146,70197,77219,17,3669,9094,27123,26838,23310,22016,16793,38,0,0,0,316,1466,1731,1102,8221,5835,4506
-7.692596,53.288234,2021/01/12 00:00:00+00,3086,155591,46,2397,2021/01/10 00:00:00+00,152323,8140,955,18807,10989,87,73,292,506,626,971,1169,72446,79860,17,3771,9348,28014,27688,24089,22773,17398,39,0,0,0,317,1499,1786,1129,8558,6022,4634
-7.692596,53.288234,2021/01/13 00:00:00+00,3569,159144,63,2460,2021/01/11 00:00:00+00,155393,8418,981,19261,11081,89,74,300,522,639,992,1203,73865,81509,19,3828,9457,28468,28229,24591,23205,17812,42,0,0,0,318,1555,1868,1174,8778,6222,4775
-7.692596,53.288234,2021/01/14 00:00:00+00,3955,163057,28,2488,2021/01/12 00:00:00+00,158951,8665,1002,19733,11170,90,77,306,535,654,1016,1239,75485,83447,19,3887,9612,28970,28848,25171,23856,18289,42,0,0,0,319,1607,1923,1216,9014,6381,4895
-7.692596,53.288234,2021/01/15 00:00:00+00,3498,166548,50,2536,2021/01/13 00:00:00+00,162897,8914,1024,20245,11204,92,79,311,555,666,1043,1277,77312,85566,19,3961,9779,29531,29498,25844,24524,18817,42,0,0,0,320,1646,1993,1250,9247,6614,5054
-7.692596,53.288234,2021/01/16 00:00:00+00,3231,169780,60,2595,2021/01/14 00:00:00+00,166387,9180,1042,20764,11263,95,83,324,564,689,1074,1314,78893,87474,20,4025,9926,30028,30077,26443,25112,19262,42,0,0,0,321,1690,2048,1297,9466,6816,5204
-7.692596,53.288234,2021/01/17 00:00:00+00,2944,172726,13,2608,2021/01/15 00:00:00+00,169608,9399,1057,21252,11275,97,84,332,574,700,1101,1340,80386,89199,23,4101,10075,30463,30631,26982,25678,19660,42,0,0,0,322,1718,2108,1343,9654,6985,5351
-7.692596,53.288234,2021/01/18 00:00:00+00,2121,174843,8,2616,2021/01/16 00:00:00+00,172545,9522,1073,21695,11296,97,85,337,576,711,1111,1360,81736,90786,23,4175,10237,30923,31138,27471,26151,20029,40,0,0,0,323,1736,2141,1366,9810,7118,5457
-7.692596,53.288234,2021/01/19 00:00:00+00,2001,176839,93,2708,2021/01/17 00:00:00+00,174655,9612,1086,22022,11368,98,85,342,580,719,1123,1372,82730,91901,24,4214,10326,31268,31517,27857,26474,20278,39,0,0,0,324,1748,2163,1380,9925,7216,5544
-7.692596,53.288234,2021/01/20 00:00:00+00,2488,179324,61,2768,2021/01/18 00:00:00+00,176643,9809,1106,22398,11415,100,86,348,589,734,1137,1402,83617,93000,26,4259,10423,31549,31863,28185,26788,20510,42,0,0,0,325,1790,2204,1417,10058,7333,5638
-7.692596,53.288234,2021/01/21 00:00:00+00,2608,181922,51,2818,2021/01/19 00:00:00+00,179116,9975,1118,22876,11461,100,86,359,593,745,1152,1422,84710,94380,26,4302,10514,31858,32255,28633,27249,20816,43,0,0,0,326,1813,2248,1455,10214,7468,5770
-7.692596,53.288234,2021/01/22 00:00:00+00,2371,184279,52,2870,2021/01/20 00:00:00+00,181714,10126,1129,23333,11488,102,88,361,605,755,1167,1444,85960,95728,26,4359,10619,32192,32720,29091,27721,21143,42,0,0,0,327,1840,2284,1478,10368,7603,5860
-7.692596,53.288234,2021/01/23 00:00:00+00,1910,186184,77,2947,2021/01/21 00:00:00+00,184079,10283,1143,23666,11518,105,89,368,610,766,1179,1463,87107,96942,30,4418,10744,32529,33153,29480,28070,21433,40,0,0,0,328,1868,2332,1501,10509,7738,5967
-7.692596,53.288234,2021/01/24 00:00:00+00,1378,187554,23,2970,2021/01/22 00:00:00+00,185982,10395,1153,23937,11539,105,90,370,617,773,1188,1476,87990,97960,32,4470,10834,32797,33509,29819,28366,21637,40,0,0,0,329,1884,2362,1528,10606,7844,6062
-7.692596,53.288234,2021/01/25 00:00:00+00,1372,188923,7,2978,2021/01/23 00:00:00+00,187351,10466,1161,24126,11561,105,90,370,624,776,1194,1484,88630,98689,32,4497,10913,33000,33766,30052,28576,21806,39,0,0,0,330,1897,2383,1541,10683,7909,6111
-7.692596,53.288234,2021/01/26 00:00:00+00,928,189851,90,3066,2021/01/24 00:00:00+00,188717,10554,1167,24378,11600,106,91,374,631,780,1201,1499,89246,99438,33,4547,10978,33177,34006,30284,28789,21962,41,0,0,0,331,1910,2404,1556,10754,7984,6198
-7.692596,53.288234,2021/01/27 00:00:00+00,1335,191182,54,3120,2021/01/25 00:00:00+00,189633,10674,1175,24568,11627,107,91,379,634,786,1209,1509,89662,99937,34,4570,11022,33296,34148,30417,28931,22063,44,0,0,0,332,1926,2446,1585,10812,8067,6269
-7.692596,53.288234,2021/01/28 00:00:00+00,1466,192645,47,3167,2021/01/26 00:00:00+00,190963,10780,1186,24794,11645,108,93,383,643,793,1217,1521,90280,100649,34,4617,11087,33480,34353,30641,29139,22205,43,0,0,0,333,1946,2473,1601,10907,8149,6347
-7.692596,53.288234,2021/01/29 00:00:00+00,1254,193892,48,3214,2021/01/27 00:00:00+00,192422,10892,1192,24985,11667,110,94,386,655,801,1229,1530,90971,101414,37,4654,11176,33698,34566,30891,29362,22356,41,0,0,0,334,1968,2496,1621,10999,8244,6438
-7.692596,53.288234,2021/01/30 00:00:00+00,1414,195303,79,3292,2021/01/28 00:00:00+00,193665,10992,1196,25173,11723,110,95,388,658,804,1242,1540,91562,102065,38,4686,11239,33877,34778,31074,29559,22511,42,0,0,0,335,1990,2522,1641,11079,8321,6503
-7.692596,53.288234,2021/01/31 00:00:00+00,1247,196547,15,3307,2021/01/29 00:00:00+00,195027,11081,1206,25374,11727,114,97,392,666,813,1249,1555,92205,102784,38,4735,11328,34064,35025,31313,29775,22653,38,0,0,0,336,2003,2541,1649,11162,8384,6550
-7.692596,53.288234,2021/02/01 00:00:00+00,1062,197553,10,3317,2021/01/30 00:00:00+00,196272,11167,1212,25568,11739,114,97,393,673,821,1257,1566,92786,103447,39,4776,11394,34269,35223,31547,29946,22784,39,0,0,0,337,2017,2561,1666,11231,8449,6615
-7.692596,53.288234,2021/02/02 00:00:00+00,879,198424,101,3418,2021/01/31 00:00:00+00,197330,11223,1218,25730,11802,114,97,393,677,824,1265,1576,93296,103994,40,4800,11446,34423,35406,31738,30106,22900,41,0,0,0,338,2029,2569,1677,11298,8500,6675
-7.692596,53.288234,2021/02/03 00:00:00+00,1013,199430,94,3512,2021/02/01 00:00:00+00,198203,11314,1223,25881,11822,114,97,398,685,832,1271,1588,93712,104450,41,4823,11498,34555,35530,31895,30238,22992,41,0,0,0,339,2043,2592,1692,11341,8552,6741
-7.692596,53.288234,2021/02/04 00:00:00+00,1318,200744,75,3586,2021/02/02 00:00:00+00,199210,11407,1232,26024,11847,114,97,403,695,838,1285,1598,94177,104991,42,4858,11567,34695,35685,32059,30398,23099,41,0,0,0,340,2054,2612,1709,11402,8607,6802
-7.692596,53.288234,2021/02/05 00:00:00+00,1047,201763,35,3621,2021/02/03 00:00:00+00,200523,11517,1236,26163,11872,115,98,405,706,843,1297,1614,94804,105676,43,4892,11656,34916,35893,32269,30591,23256,40,0,0,0,341,2075,2635,1726,11487,8667,6857
-7.692596,53.288234,2021/02/06 00:00:00+00,827,202548,55,3674,2021/02/04 00:00:00+00,201565,11619,1241,26289,11900,116,98,410,710,853,1307,1631,95310,106212,43,4926,11740,35079,36066,32418,30755,23377,38,0,0,0,342,2087,2656,1748,11536,8726,6903
-7.692596,53.288234,2021/02/07 00:00:00+00,1024,203568,12,3686,2021/02/05 00:00:00+00,202392,11683,1248,26367,11922,117,99,413,711,856,1314,1638,95721,106628,43,4962,11814,35193,36186,32597,30884,23444,38,0,0,0,343,2102,2671,1759,11576,8765,6932
-7.692596,53.288234,2021/02/08 00:00:00+00,829,204397,6,3687,2021/02/06 00:00:00+00,203415,11743,1256,26452,11922,118,99,415,714,864,1321,1646,96210,107162,43,4991,11914,35402,36354,32755,31030,23543,35,0,0,0,344,2110,2686,1767,11629,8801,6957
-7.692596,53.288234,2021/02/09 00:00:00+00,556,204940,68,3752,2021/02/07 00:00:00+00,204241,11803,1262,26538,11930,119,99,419,720,864,1327,1653,96608,107589,44,5049,12000,35542,36480,32872,31150,23608,35,0,0,0,345,2117,2702,1780,11668,8843,6990
-7.692596,53.288234,2021/02/10 00:00:00+00,1006,205939,54,3794,2021/02/08 00:00:00+00,204794,11878,1270,26608,11955,119,102,422,723,875,1333,1662,96893,107856,45,5071,12050,35631,36556,32969,31241,23656,39,0,0,0,346,2130,2722,1787,11699,8877,7005
-7.692596,53.288234,2021/02/11 00:00:00+00,867,206801,52,3846,2021/02/09 00:00:00+00,205798,11961,1284,26682,11990,122,106,425,726,881,1346,1675,97372,108381,45,5131,12157,35788,36731,33121,31372,23770,35,0,0,0,347,2141,2741,1795,11751,8915,7023
-7.692596,53.288234,2021/02/12 00:00:00+00,921,207720,23,3865,2021/02/10 00:00:00+00,206659,12017,1292,26743,12034,124,107,429,730,887,1353,1683,97770,108842,47,5170,12242,35934,36880,33265,31487,23855,35,0,0,0,348,2147,2755,1799,11788,8956,7042
-7.692596,53.288234,2021/02/13 00:00:00+00,1078,208796,66,3931,2021/02/11 00:00:00+00,207581,12094,1298,26813,12071,125,108,436,737,896,1358,1694,98226,109308,47,5214,12331,36091,37054,33409,31597,23950,34,0,0,0,349,2156,2771,1810,11832,8992,7071
-7.692596,53.288234,2021/02/14 00:00:00+00,788,209582,17,3948,2021/02/12 00:00:00+00,208656,12157,1303,26908,12112,127,108,440,746,899,1364,1701,98748,109857,51,5262,12447,36344,37230,33568,31725,24046,32,0,0,0,350,2167,2785,1817,11887,9022,7085
-7.692596,53.288234,2021/02/15 00:00:00+00,821,210402,0,3948,2021/02/13 00:00:00+00,209441,12193,1306,26951,12115,127,109,442,747,903,1367,1706,99161,110229,51,5317,12543,36507,37359,33680,31829,24103,31,0,0,0,351,2175,2790,1824,11919,9040,7104
-7.692596,53.288234,2021/02/16 00:00:00+00,744,211113,33,3980,2021/02/14 00:00:00+00,210259,12235,1312,26997,12115,129,109,444,750,906,1374,1710,99589,110618,52,5364,12633,36692,37484,33802,31933,24172,31,0,0,0,352,2180,2798,1832,11954,9062,7123
-7.692596,53.288234,2021/02/17 00:00:00+00,650,211751,57,4036,2021/02/15 00:00:00+00,211000,12307,1316,27043,12177,131,109,447,755,908,1385,1720,99964,110983,53,5403,12721,36863,37601,33894,32014,24233,30,0,0,0,353,2190,2820,1839,11988,9108,7135
-7.692596,53.288234,2021/02/18 00:00:00+00,901,212647,47,4082,2021/02/16 00:00:00+00,211646,12369,1322,27086,12217,131,109,449,763,913,1394,1726,100290,111303,53,5430,12767,37004,37691,34004,32113,24289,37,0,0,0,354,2199,2832,1850,12016,9139,7153
-7.692596,53.288234,2021/02/19 00:00:00+00,763,213400,28,4109,2021/02/17 00:00:00+00,212545,12444,1329,27146,12237,131,109,452,769,920,1400,1740,100765,111725,55,5468,12839,37168,37852,34159,32226,24375,36,0,0,0,355,2218,2844,1858,12062,9178,7178
-7.692596,53.288234,2021/02/20 00:00:00+00,988,214378,26,4135,2021/02/18 00:00:00+00,213306,12495,1333,27197,12267,133,110,458,773,924,1401,1747,101139,112111,56,5511,12909,37352,37981,34278,32306,24435,30,0,0,0,356,2228,2855,1863,12098,9197,7199
-7.692596,53.288234,2021/02/21 00:00:00+00,679,215057,1,4136,2021/02/19 00:00:00+00,214289,12556,1338,27253,12267,134,111,463,775,935,1406,1756,101624,112608,57,5578,13006,37571,38120,34440,32413,24520,32,0,0,0,357,2240,2863,1870,12141,9234,7226
-7.692596,53.288234,2021/02/22 00:00:00+00,686,215743,1,4137,2021/02/20 00:00:00+00,214966,12589,1338,27301,12296,135,111,466,777,939,1409,1763,101959,112950,57,5621,13082,37720,38228,34545,32480,24587,32,0,0,0,358,2244,2867,1875,12176,9250,7237
-7.692596,53.288234,2021/02/23 00:00:00+00,575,216300,45,4181,2021/02/21 00:00:00+00,215649,12625,1343,27360,12317,138,113,468,781,944,1417,1767,102286,113306,57,5666,13157,37843,38335,34642,32588,24662,34,0,0,0,359,2247,2870,1877,12204,9265,7247
-7.692596,53.288234,2021/02/24 00:00:00+00,574,216870,56,4237,2021/02/22 00:00:00+00,216224,12675,1345,27401,12392,138,113,469,786,949,1422,1770,102562,113605,57,5701,13228,37961,38414,34729,32650,24714,32,0,0,0,360,2255,2884,1886,12227,9296,7264
-7.692596,53.288234,2021/02/25 00:00:00+00,613,217478,35,4271,2021/02/23 00:00:00+00,216798,12710,1348,27446,12462,139,113,475,788,953,1429,1773,102848,113893,57,5732,13276,38083,38502,34827,32727,24763,34,0,0,0,361,2259,2888,1890,12250,9317,7281
-7.692596,53.288234,2021/02/26 00:00:00+00,776,218251,29,4300,2021/02/24 00:00:00+00,217406,12740,1351,27489,12524,139,113,477,790,954,1435,1779,103154,114195,57,5760,13321,38215,38603,34923,32808,24819,34,0,0,0,362,2263,2893,1893,12282,9336,7298
-7.692596,53.288234,2021/02/27 00:00:00+00,738,218980,13,4316,2021/02/25 00:00:00+00,218179,12783,1356,27528,12580,139,113,481,792,960,1444,1779,103550,114572,57,5803,13398,38363,38729,35045,32939,24861,34,0,0,0,363,2271,2903,1897,12312,9367,7321
-7.692596,53.288234,2021/02/28 00:00:00+00,612,219952,6,4319,2021/02/26 00:00:00+00,218911,12814,1359,27564,12643,140,114,482,794,964,1445,1784,103901,114951,59,5871,13481,38492,38862,35154,33021,24928,31,0,0,0,364,2279,2906,1902,12341,9387,7333
-7.692596,53.288234,2021/03/01 00:00:00+00,687,220273,1,4319,2021/02/27 00:00:00+00,219513,12843,1365,27600,12661,142,115,482,796,966,1452,1788,104195,115258,60,5906,13546,38615,38972,35257,33101,24978,32,0,0,0,365,2280,2912,1906,12356,9401,7340
-7.692596,53.288234,2021/03/02 00:00:00+00,369,220630,14,4333,2021/02/28 00:00:00+00,220198,12865,1368,27632,12670,143,116,483,798,966,1454,1790,104546,115591,61,5956,13638,38759,39089,35339,33187,25036,30,0,0,0,366,2285,2917,1909,12386,9416,7351
-7.692596,53.288234,2021/03/03 00:00:00+00,566,221189,25,4357,2021/03/01 00:00:00+00,220556,12890,1369,27656,12762,143,116,485,799,966,1459,1791,104709,115786,61,5980,13675,38828,39138,35396,33236,25071,34,0,0,0,367,2291,2924,1912,12404,9428,7359
-7.692596,53.288234,2021/03/04 00:00:00+00,462,221649,39,4396,2021/03/02 00:00:00+00,221113,12921,1373,27694,12861,143,116,486,806,970,1462,1799,104987,116064,62,6014,13734,38924,39236,35486,33316,25130,34,0,0,0,368,2294,2928,1913,12428,9440,7364
-7.692596,53.288234,2021/03/05 00:00:00+00,522,222169,9,4405,2021/03/03 00:00:00+00,221564,12956,1376,27721,12936,143,116,489,810,974,1466,1803,105205,116296,63,6043,13778,39026,39308,35550,33369,25178,31,0,0,0,369,2299,2936,1916,12447,9456,7368
-7.692596,53.288234,2021/03/06 00:00:00+00,539,222699,14,4419,2021/03/04 00:00:00+00,222082,12985,1378,27746,13008,144,116,490,814,977,1471,1807,105480,116539,63,6076,13842,39098,39407,35631,33438,25239,33,0,0,0,370,2302,2940,1920,12469,9467,7374
-7.692596,53.288234,2021/03/07 00:00:00+00,525,223219,3,4422,2021/03/05 00:00:00+00,222617,13017,1381,27765,13067,147,116,491,816,982,1475,1812,105775,116777,65,6103,13891,39198,39507,35722,33494,25295,33,0,0,0,371,2305,2947,1922,12504,9480,7382
-7.692596,53.288234,2021/03/08 00:00:00+00,437,223651,0,4422,2021/03/06 00:00:00+00,223142,13043,1382,27782,13087,148,116,493,818,987,1477,1813,106045,117032,65,6141,13960,39302,39605,35803,33545,25332,31,0,0,0,372,2308,2953,1926,12529,9497,7387
-7.692596,53.288234,2021/03/09 00:00:00+00,311,223957,30,4452,2021/03/07 00:00:00+00,223576,13065,1385,27797,13103,149,116,495,818,989,1479,1817,106260,117250,66,6171,14013,39382,39666,35887,33595,25361,33,0,0,0,373,2309,2962,1927,12555,9515,7390
-7.692596,53.288234,2021/03/10 00:00:00+00,631,224588,47,4499,2021/03/08 00:00:00+00,223887,13093,1386,27824,13211,151,116,495,819,991,1483,1823,106419,117401,67,6198,14042,39441,39711,35927,33645,25386,34,0,0,0,374,2313,2967,1931,12573,9528,7395
-7.692596,53.288234,2021/03/11 00:00:00+00,592,225179,10,4509,2021/03/09 00:00:00+00,224518,13123,1391,27865,13291,152,116,500,821,992,1483,1828,106736,117715,67,6245,14110,39588,39827,36019,33732,25423,29,0,0,0,375,2319,2974,1934,12594,9540,7399
-7.692596,53.288234,2021/03/12 00:00:00+00,646,225820,10,4518,2021/03/10 00:00:00+00,225109,13142,1394,27895,13326,154,117,501,821,993,1487,1831,107037,118004,68,6280,14179,39702,39931,36124,33804,25468,32,0,0,0,376,2323,2976,1935,12620,9555,7405
-7.692596,53.288234,2021/03/13 00:00:00+00,543,226358,16,4534,2021/03/11 00:00:00+00,225753,13178,1399,27921,13326,154,117,502,822,1000,1494,1834,107348,118335,70,6314,14269,39843,40034,36231,33875,25519,30,0,0,0,377,2328,2983,1940,12647,9569,7411
-7.692596,53.288234,2021/03/14 00:00:00+00,384,226741,0,4534,2021/03/12 00:00:00+00,226294,13209,1403,27947,13326,154,117,506,829,1003,1497,1837,107617,118607,70,6339,14354,39964,40118,36311,33926,25563,29,0,0,0,378,2332,2987,1943,12672,9588,7418
-7.692596,53.288234,2021/03/15 00:00:00+00,575,227316,0,4534,2021/03/13 00:00:00+00,226677,13225,1404,27967,0,154,119,510,830,1004,1498,1839,107813,118794,70,6361,14400,40039,40184,36384,33972,25596,31,0,0,0,379,2334,2990,1943,12686,9595,7419
-7.692596,53.288234,2021/03/16 00:00:00+00,349,227663,18,4552,2021/03/14 00:00:00+00,227250,13252,1409,27981,0,154,119,511,833,1006,1503,1843,108104,119076,70,6411,14496,40128,40273,36478,34039,25639,30,0,0,0,380,2337,2997,1945,12711,9608,7426
-7.692596,53.288234,2021/03/17 00:00:00+00,557,228215,17,4566,2021/03/15 00:00:00+00,227595,13299,1411,27993,0,154,119,513,834,1014,1506,1847,108274,119251,70,6431,14546,40181,40330,36539,34071,25663,33,0,0,0,381,2349,3009,1950,12735,9624,7434
-7.692596,53.288234,2021/03/18 00:00:00+00,582,228796,0,4566,2021/03/16 00:00:00+00,228152,13331,1414,28018,0,156,119,515,837,1016,1507,1849,108536,119546,70,6494,14634,40265,40421,36623,34134,25699,29,0,0,0,382,2362,3015,1951,12768,9635,7438
-7.692596,53.288234,2021/03/19 00:00:00+00,507,229306,10,4576,2021/03/17 00:00:00+00,228726,13355,1418,28042,0,157,120,518,840,1020,1509,1850,108824,119832,70,6544,14719,40347,40520,36734,34206,25742,32,0,0,0,383,2368,3017,1952,12789,9643,7441
-7.692596,53.288234,2021/03/20 00:00:00+00,525,229831,9,4585,2021/03/18 00:00:00+00,229229,13391,1426,28052,0,158,120,520,841,1025,1513,1857,109071,120088,70,6582,14798,40413,40605,36820,34268,25778,33,0,0,0,384,2376,3021,1956,12816,9656,7452
-7.692596,53.288234,2021/03/21 00:00:00+00,769,230599,2,4587,2021/03/19 00:00:00+00,229751,13433,1429,28068,0,158,120,521,844,1026,1516,1865,109328,120352,71,6630,14870,40476,40685,36912,34331,25825,34,0,0,0,385,2382,3035,1962,12842,9679,7460
-7.692596,53.288234,2021/03/22 00:00:00+00,520,231119,1,4588,2021/03/20 00:00:00+00,230515,13472,1431,28097,0,158,122,523,847,1028,1520,1870,109709,120733,73,6703,14978,40578,40832,37051,34404,25879,32,0,0,0,386,2389,3045,1966,12877,9704,7468
-7.692596,53.288234,2021/03/23 00:00:00+00,371,231484,24,4610,2021/03/21 00:00:00+00,231034,13489,1434,28116,0,158,123,524,848,1032,1520,1872,109966,120995,73,6772,15076,40646,40912,37145,34455,25902,28,0,0,0,387,2392,3048,1968,12891,9721,7473
-7.692596,53.288234,2021/03/24 00:00:00+00,683,232164,18,4628,2021/03/22 00:00:00+00,231404,13511,1435,28123,0,159,126,526,851,1034,1521,1874,110148,121183,73,6808,15158,40686,40970,37209,34496,25928,30,0,0,0,388,2394,3053,1969,12902,9731,7475
-7.692596,53.288234,2021/03/25 00:00:00+00,606,232758,3,4631,2021/03/23 00:00:00+00,232083,13539,1436,28152,0,160,127,526,855,1038,1522,1881,110470,121540,73,6864,15270,40781,41087,37340,34564,25981,32,0,0,0,389,2397,3057,1972,12925,9747,7483
-7.692596,53.288234,2021/03/26 00:00:00+00,584,233327,20,4651,2021/03/24 00:00:00+00,232687,13566,1439,28173,0,161,127,527,856,1040,1525,1883,110767,121846,74,6906,15369,40864,41198,37457,34622,26030,33,0,0,0,390,2406,3061,1976,12952,9759,7489
-7.692596,53.288234,2021/03/27 00:00:00+00,624,233937,2,4653,2021/03/25 00:00:00+00,233270,13602,1444,28194,0,164,128,529,857,1045,1527,1888,111064,122132,74,6958,15440,40958,41277,37582,34690,26070,34,0,0,0,391,2413,3070,1977,12984,9776,7494
-7.692596,53.288234,2021/03/28 00:00:00+00,604,234541,13,4666,2021/03/26 00:00:00+00,233893,13627,1445,28218,0,164,128,529,858,1050,1530,1892,111374,122445,74,7015,15530,41053,41382,37702,34773,26113,32,0,0,0,392,2419,3074,1979,13001,9786,7497
-7.692596,53.288234,2021/03/29 00:00:00+00,539,235078,1,4667,2021/03/27 00:00:00+00,234494,13644,1446,28229,0,165,128,530,862,1053,1533,1892,111676,122744,74,7080,15637,41159,41467,37802,34842,26149,27,0,0,0,393,2422,3075,1980,13023,9794,7500
-7.692596,53.288234,2021/03/30 00:00:00+00,368,235444,14,4681,2021/03/28 00:00:00+00,235033,13654,1447,28246,0,165,128,531,862,1053,1534,1894,111964,122993,76,7130,15736,41231,41540,37903,34902,26200,32,0,0,0,394,2425,3076,1982,13043,9805,7502
-7.692596,53.288234,2021/03/31 00:00:00+00,411,235854,6,4687,2021/03/29 00:00:00+00,235398,13689,1450,28262,0,165,130,532,862,1055,1539,1902,112147,123175,76,7151,15795,41284,41591,37962,34957,26228,34,0,0,0,395,2433,3080,1987,13066,9815,7508
-7.692596,53.288234,2021/04/01 00:00:00+00,761,236600,18,4705,2021/03/30 00:00:00+00,235809,13717,1456,28272,0,165,130,532,863,1059,1547,1905,112349,123384,76,7169,15868,41344,41641,38047,35019,26260,35,0,0,0,396,2441,3082,1989,13087,9822,7511
-7.692596,53.288234,2021/04/02 00:00:00+00,591,237187,8,4713,2021/03/31 00:00:00+00,236560,13736,1457,28295,0,166,131,533,866,1061,1548,1909,112726,123756,78,7233,15973,41457,41756,38193,35110,26325,33,0,0,0,397,2443,3084,1991,13121,9835,7516
-7.692596,53.288234,2021/04/03 00:00:00+00,511,237695,2,4715,2021/04/01 00:00:00+00,237148,13767,1458,28312,0,166,131,536,869,1065,1554,1912,113021,124049,78,7273,16071,41546,41856,38288,35183,26371,31,0,0,0,398,2446,3089,1995,13144,9851,7524
-7.692596,53.288234,2021/04/04 00:00:00+00,457,238148,3,4718,2021/04/02 00:00:00+00,237656,13790,1460,28336,0,169,133,536,871,1072,1558,1913,113262,124315,79,7303,16158,41617,41942,38393,35241,26414,33,0,0,0,399,2447,3090,1997,13160,9858,7529
-7.692596,53.288234,2021/04/05 00:00:00+00,320,238466,0,4718,2021/04/03 00:00:00+00,238109,13801,1462,28346,0,169,133,537,872,1074,1559,1916,113511,124519,79,7336,16213,41703,42009,38477,35298,26456,32,0,0,0,400,2447,3092,1998,13180,9863,7533
-7.692596,53.288234,2021/04/06 00:00:00+00,443,238907,9,4727,2021/04/04 00:00:00+00,238426,13813,1463,28352,0,169,133,537,876,1075,1563,1916,113675,124672,79,7356,16263,41762,42067,38536,35335,26475,30,0,0,0,401,2447,3095,1998,13188,9869,7534
-7.692596,53.288234,2021/04/07 00:00:00+00,423,239325,5,4732,2021/04/05 00:00:00+00,238869,13821,1465,28361,0,169,133,537,878,1075,1565,1917,113915,124875,79,7382,16354,41831,42136,38615,35386,26507,31,0,0,0,402,2448,3097,1998,13208,9875,7534
-7.692596,53.288234,2021/04/08 00:00:00+00,400,239723,7,4737,2021/04/06 00:00:00+00,239288,13855,1465,28374,0,169,133,538,882,1078,1573,1922,114131,125076,81,7410,16432,41903,42198,38681,35431,26543,30,0,0,0,403,2451,3105,2000,13225,9888,7536
-7.692596,53.288234,2021/04/09 00:00:00+00,473,240192,34,4769,2021/04/07 00:00:00+00,239682,13873,1467,28386,0,170,134,538,885,1080,1573,1925,114335,125266,81,7436,16476,41954,42271,38770,35485,26577,35,0,0,0,404,2453,3108,2003,13236,9897,7539
-7.692596,53.288234,2021/04/10 00:00:00+00,455,240643,14,4783,2021/04/08 00:00:00+00,240149,13893,1472,28403,0,170,134,539,889,1081,1575,1928,114557,125511,81,7457,16560,42048,42352,38848,35537,26609,29,0,0,0,405,2456,3113,2004,13253,9904,7540
-7.692596,53.288234,2021/04/11 00:00:00+00,303,240945,2,4785,2021/04/09 00:00:00+00,240604,13920,1476,28421,0,171,135,541,889,1082,1580,1931,114773,125749,82,7476,16628,42145,42430,38936,35586,26639,30,0,0,0,406,2462,3118,2007,13270,9910,7543
-7.692596,53.288234,2021/04/12 00:00:00+00,394,241330,0,4785,2021/04/10 00:00:00+00,240907,13933,1477,28432,0,171,136,541,891,1088,1581,1933,114941,125884,82,7497,16674,42192,42485,38993,35619,26667,32,0,0,0,407,2462,3119,2007,13280,9915,7544
-7.692596,53.288234,2021/04/13 00:00:00+00,358,241684,18,4803,2021/04/11 00:00:00+00,241300,13946,1478,28449,0,172,136,542,896,1089,1581,1935,115120,126098,82,7526,16727,42254,42554,39075,35662,26702,33,0,0,0,408,2463,3120,2008,13291,9923,7545
-7.692596,53.288234,2021/04/14 00:00:00+00,431,242105,12,4812,2021/04/12 00:00:00+00,241655,13972,1484,28466,0,172,136,542,899,1093,1586,1941,115284,126289,82,7549,16777,42313,42620,39138,35708,26732,31,0,0,0,409,2465,3122,2012,13300,9927,7550
-7.692596,53.288234,2021/04/15 00:00:00+00,309,242402,8,4820,2021/04/13 00:00:00+00,242084,13991,1485,28486,0,172,139,543,901,1096,1589,1945,115487,126514,83,7572,16846,42373,42694,39214,35777,26775,33,0,0,0,410,2466,3124,2012,13311,9931,7550
-7.692596,53.288234,2021/04/16 00:00:00+00,420,242819,11,4831,2021/04/14 00:00:00+00,242390,14009,1486,28496,0,172,139,543,903,1098,1593,1948,115654,126653,83,7595,16885,42422,42737,39278,35819,26798,34,0,0,0,411,2470,3127,2012,13327,9938,7550
-7.692596,53.288234,2021/04/17 00:00:00+00,420,243238,4,4835,2021/04/15 00:00:00+00,242809,14029,1490,28507,0,172,139,544,906,1101,1597,1949,115871,126853,85,7619,16950,42497,42805,39356,35877,26825,32,0,0,0,412,2473,3131,2013,13344,9944,7551
-7.692596,53.288234,2021/04/18 00:00:00+00,269,243508,1,4836,2021/04/16 00:00:00+00,243228,14040,1492,28517,0,173,139,545,907,1101,1600,1950,116082,127059,87,7647,17015,42560,42889,39426,35929,26864,32,0,0,0,413,2475,3133,2013,13356,9948,7553
-7.692596,53.288234,2021/04/19 00:00:00+00,403,243911,0,4836,2021/04/17 00:00:00+00,243498,14050,1493,28531,0,173,139,546,908,1101,1602,1951,116217,127194,87,7660,17055,42606,42937,39468,35969,26890,31,0,0,0,414,2479,3134,2013,13366,9952,7554
-7.692596,53.288234,2021/04/20 00:00:00+00,390,244297,11,4847,2021/04/18 00:00:00+00,243897,14068,1495,28550,0,173,139,547,909,1104,1607,1957,116427,127383,87,7693,17101,42691,43003,39531,36028,26922,30,0,0,0,415,2480,3135,2013,13379,9953,7555
-7.692596,53.288234,2021/04/21 00:00:00+00,401,244695,15,4856,2021/04/19 00:00:00+00,244285,14094,1496,28566,0,173,139,549,911,1107,1615,1960,116642,127556,87,7705,17150,42758,43071,39595,36078,26965,34,0,0,0,416,2486,3136,2014,13407,9956,7559
-7.692596,53.288234,2021/04/22 00:00:00+00,617,245310,10,4866,2021/04/20 00:00:00+00,244686,14117,1497,28579,0,173,140,551,914,1112,1616,1964,116860,127739,87,7734,17209,42831,43137,39662,36133,26992,31,0,0,0,417,2490,3138,2015,13420,9964,7563
-7.692596,53.288234,2021/04/23 00:00:00+00,434,245743,1,4867,2021/04/21 00:00:00+00,245299,14144,1498,28588,0,174,141,554,916,1114,1622,1967,117158,128054,87,7763,17297,42942,43235,39763,36229,27037,33,0,0,0,418,2497,3139,2016,13448,9979,7565
-7.692596,53.288234,2021/04/24 00:00:00+00,461,246204,5,4872,2021/04/22 00:00:00+00,245732,14159,1501,28598,0,174,142,556,917,1117,1623,1969,117385,128258,89,7779,17355,43034,43310,39843,36284,27074,31,0,0,0,419,2499,3141,2017,13462,9982,7568
-7.692596,53.288234,2021/04/25 00:00:00+00,429,246633,1,4873,2021/04/23 00:00:00+00,246190,14169,1501,28605,0,174,142,556,920,1120,1624,1970,117621,128480,89,7815,17434,43120,43379,39915,36349,27107,28,0,0,0,420,2499,3142,2018,13476,9984,7570
-7.692596,53.288234,2021/04/26 00:00:00+00,437,247069,1,4874,2021/04/24 00:00:00+00,246616,14176,1501,28612,0,175,142,558,920,1120,1627,1970,117860,128667,89,7838,17502,43204,43464,39986,36400,27130,29,0,0,0,421,2499,3143,2018,13493,9987,7571
-7.692596,53.288234,2021/04/27 00:00:00+00,426,247489,10,4884,2021/04/25 00:00:00+00,247053,14188,1502,28626,0,175,142,558,922,1125,1630,1970,118080,128884,89,7871,17567,43284,43548,40056,36463,27153,29,0,0,0,422,2501,3143,2018,13504,9994,7572
-7.692596,53.288234,2021/04/28 00:00:00+00,371,247857,13,4896,2021/04/26 00:00:00+00,247476,14215,1506,28634,0,177,146,563,927,1126,1635,1973,118284,129103,89,7906,17629,43374,43610,40121,36519,27189,29,0,0,0,423,2502,3144,2018,13512,10002,7573
-7.692596,53.288234,2021/04/29 00:00:00+00,474,248326,3,4899,2021/04/27 00:00:00+00,247846,14230,1506,28643,0,177,146,565,928,1127,1639,1978,118473,129284,89,7933,17687,43451,43663,40188,36561,27217,28,0,0,0,424,2504,3144,2018,13524,10005,7576
-7.692596,53.288234,2021/04/30 00:00:00+00,545,248870,4,4903,2021/04/28 00:00:00+00,248318,14246,1508,28658,0,177,147,566,930,1130,1641,1980,118710,129516,92,7974,17766,43521,43741,40258,36635,27258,32,0,0,0,425,2507,3145,2019,13535,10012,7577
-7.692596,53.288234,2021/05/01 00:00:00+00,569,249437,3,4906,2021/04/29 00:00:00+00,248861,14255,1508,28669,0,177,147,566,930,1133,1641,1983,119005,129761,95,7994,17860,43642,43834,40351,36698,27296,29,0,0,0,426,2509,3145,2020,13550,10016,7579
-7.692596,53.288234,2021/05/02 00:00:00+00,402,249838,1,4906,2021/04/30 00:00:00+00,249430,14264,1508,28675,0,178,147,567,931,1134,1641,1984,119282,130051,97,8031,17964,43767,43917,40445,36771,27326,26,0,0,0,427,2510,3148,2020,13567,10022,7579
-7.692596,53.288234,2021/05/03 00:00:00+00,453,250290,0,4906,2021/05/01 00:00:00+00,249832,14272,1508,28683,0,179,148,568,932,1135,1642,1985,119502,130233,97,8049,18018,43850,43988,40535,36827,27344,31,0,0,0,428,2511,3148,2020,13573,10027,7580
-7.692596,53.288234,2021/05/04 00:00:00+00,383,250672,2,4908,2021/05/02 00:00:00+00,250285,14280,1508,28693,0,179,149,568,933,1135,1644,1986,119705,130483,97,8072,18126,43942,44047,40608,36884,27370,25,0,0,0,429,2514,3148,2020,13586,10029,7580
-7.692596,53.288234,2021/05/05 00:00:00+00,418,251087,7,4915,2021/05/03 00:00:00+00,250669,14284,1509,28709,0,179,150,568,933,1135,1645,1986,119901,130671,97,8105,18204,44006,44097,40686,36940,27390,28,0,0,0,430,2515,3149,2020,13589,10031,7580
